safebrowsing,malicious,token_count,ASNno,largest_path,largest_token,URL,sec_sen_word_cnt,IPaddress_presence,largest_domain,No_of_dots,host,Length_of_url,domain_token_count,avg_path_token,path_token_count,path,avg_token_length,avg_domain_token_length,Length_of_host
-1,0,3,15169,0,6,http://google.com,0,0,6,1,google.com,17,2,0,0,,4.333333333333333,4.5,10
-1,0,3,-1,0,8,http://facebook.com,0,0,8,1,facebook.com,19,2,0,0,,5.0,5.5,12
-1,0,3,15169,0,7,http://youtube.com,0,0,7,1,youtube.com,18,2,0,0,,4.666666666666667,5.0,11
-1,0,3,36647,0,5,http://yahoo.com,0,0,5,1,yahoo.com,16,2,0,0,,4.0,4.0,9
-1,0,3,-1,0,5,http://baidu.com,0,0,5,1,baidu.com,16,2,0,0,,4.0,4.0,9
-1,0,3,14907,0,9,http://wikipedia.org,0,0,9,1,wikipedia.org,20,2,0,0,,5.333333333333333,6.0,13
-1,0,3,4837,0,4,http://qq.com,0,0,3,1,qq.com,13,2,0,0,,3.0,2.5,6
-1,0,3,-1,0,8,http://linkedin.com,0,0,8,1,linkedin.com,19,2,0,0,,5.0,5.5,12
-1,0,3,8075,0,4,http://live.com,0,0,4,1,live.com,15,2,0,0,,3.6666666666666665,3.5,8
-1,0,3,-1,0,7,http://twitter.com,0,0,7,1,twitter.com,18,2,0,0,,4.666666666666667,5.0,11
-1,0,3,16509,0,6,http://amazon.com,0,0,6,1,amazon.com,17,2,0,0,,4.333333333333333,4.5,10
-1,0,3,37963,0,6,http://taobao.com,0,0,6,1,taobao.com,17,2,0,0,,4.333333333333333,4.5,10
-1,0,3,15169,0,8,http://blogspot.com,0,0,8,1,blogspot.com,19,2,0,0,,5.0,5.5,12
-1,0,4,15169,0,6,http://google.co.in,0,0,6,2,google.co.in,19,3,0,0,,3.5,3.3333333333333335,12
-1,0,3,2635,0,9,http://wordpress.com,0,0,9,1,wordpress.com,20,2,0,0,,5.333333333333333,6.0,13
-1,0,4,4808,0,4,http://sina.com.cn,0,0,4,2,sina.com.cn,18,3,0,0,,3.25,3.0,11
-1,0,3,13238,0,6,http://yandex.ru,0,0,6,1,yandex.ru,16,2,0,0,,4.0,4.0,9
-1,0,4,24572,0,5,http://yahoo.co.jp,0,0,5,2,yahoo.co.jp,18,3,0,0,,3.25,3.0,11
-1,0,3,8075,0,4,http://bing.com,0,0,4,1,bing.com,15,2,0,0,,3.6666666666666665,3.5,8
-1,0,3,4808,0,6,http://hao123.com,0,0,6,1,hao123.com,17,2,0,0,,4.333333333333333,4.5,10
-1,0,3,15169,0,6,http://google.de,0,0,6,1,google.de,16,2,0,0,,4.0,4.0,9
-1,0,3,47541,0,4,http://vk.com,0,0,3,1,vk.com,13,2,0,0,,3.0,2.5,6
-1,0,3,11643,0,4,http://ebay.com,0,0,4,1,ebay.com,15,2,0,0,,3.6666666666666665,3.5,8
-1,0,3,45062,0,4,http://163.com,0,0,3,1,163.com,14,2,0,0,,3.3333333333333335,3.0,7
-1,0,3,-1,0,17,http://googleusercontent.com,0,0,17,1,googleusercontent.com,28,2,0,0,,8.0,10.0,21
-1,0,4,15169,0,6,http://google.co.uk,0,0,6,2,google.co.uk,19,3,0,0,,3.5,3.3333333333333335,12
-1,0,3,-1,0,6,http://tumblr.com,0,0,6,1,tumblr.com,17,2,0,0,,4.333333333333333,4.5,10
-1,0,3,-1,0,9,http://pinterest.com,0,0,9,1,pinterest.com,20,2,0,0,,5.333333333333333,6.0,13
-1,0,3,15169,0,6,http://google.fr,0,0,6,1,google.fr,16,2,0,0,,4.0,4.0,9
-1,0,3,714,0,5,http://apple.com,0,0,5,1,apple.com,16,2,0,0,,4.0,4.0,9
-1,0,3,-1,0,4,http://msn.com,0,0,3,1,msn.com,14,2,0,0,,3.3333333333333335,3.0,7
-1,0,4,15169,0,6,http://google.com.br,0,0,6,2,google.com.br,20,3,0,0,,3.75,3.6666666666666665,13
-1,0,3,55355,0,5,http://weibo.com,0,0,5,1,weibo.com,16,2,0,0,,4.0,4.0,9
-1,0,3,47764,0,4,http://mail.ru,0,0,4,1,mail.ru,14,2,0,0,,3.3333333333333335,3.0,7
-1,0,3,-1,0,9,http://microsoft.com,0,0,9,1,microsoft.com,20,2,0,0,,5.333333333333333,6.0,13
-1,0,4,15169,0,6,http://google.co.jp,0,0,6,2,google.co.jp,19,3,0,0,,3.5,3.3333333333333335,12
-1,0,3,-1,0,4,http://soso.com,0,0,4,1,soso.com,15,2,0,0,,3.6666666666666665,3.5,8
-1,0,3,-1,0,9,http://instagram.com,0,0,9,1,instagram.com,20,2,0,0,,5.333333333333333,6.0,13
-1,0,3,-1,0,4,http://ask.com,0,0,3,1,ask.com,14,2,0,0,,3.3333333333333335,3.0,7
-1,0,3,17012,0,6,http://paypal.com,0,0,6,1,paypal.com,17,2,0,0,,4.333333333333333,4.5,10
-1,0,4,15169,0,6,http://google.com.hk,0,0,6,2,google.com.hk,20,3,0,0,,3.75,3.6666666666666665,13
-1,0,3,15169,0,6,http://google.ru,0,0,6,1,google.ru,16,2,0,0,,4.0,4.0,9
-1,0,3,15169,0,7,http://blogger.com,0,0,7,1,blogger.com,18,2,0,0,,4.666666666666667,5.0,11
-1,0,3,-1,0,7,http://xvideos.com,0,0,7,1,xvideos.com,18,2,0,0,,4.666666666666667,5.0,11
-1,0,3,15169,0,6,http://google.it,0,0,6,1,google.it,16,2,0,0,,4.0,4.0,9
-1,0,3,37963,0,5,http://tmall.com,0,0,5,1,tmall.com,16,2,0,0,,4.0,4.0,9
-1,0,3,-1,0,4,http://imdb.com,0,0,4,1,imdb.com,15,2,0,0,,3.6666666666666665,3.5,8
-1,0,3,15169,0,6,http://google.es,0,0,6,1,google.es,16,2,0,0,,4.0,4.0,9
-1,0,3,22414,0,10,http://craigslist.org,0,0,10,1,craigslist.org,21,2,0,0,,5.666666666666667,6.5,14
-1,0,3,9808,0,4,http://sohu.com,0,0,4,1,sohu.com,15,2,0,0,,3.6666666666666665,3.5,8
-1,0,3,-1,0,4,http://360.cn,0,0,3,1,360.cn,13,2,0,0,,3.0,2.5,6
-1,0,3,-1,0,4,http://go.com,0,0,3,1,go.com,13,2,0,0,,3.0,2.5,6
-1,0,4,-1,0,4,http://bbc.co.uk,0,0,3,2,bbc.co.uk,16,3,0,0,,2.75,2.3333333333333335,9
-1,0,3,16265,0,8,http://xhamster.com,0,0,8,1,xhamster.com,19,2,0,0,,5.0,5.5,12
-1,0,3,-1,0,13,http://stackoverflow.com,0,0,13,1,stackoverflow.com,24,2,0,0,,6.666666666666667,8.0,17
-1,0,4,15169,0,6,http://google.com.mx,0,0,6,2,google.com.mx,20,3,0,0,,3.75,3.6666666666666665,13
-1,0,4,-1,0,6,http://amazon.co.jp,0,0,6,2,amazon.co.jp,19,3,0,0,,3.5,3.3333333333333335,12
-1,0,3,-1,0,4,http://cnn.com,0,0,3,1,cnn.com,14,2,0,0,,3.3333333333333335,3.0,7
-1,0,3,-1,0,6,http://neobux.com,0,0,6,1,neobux.com,17,2,0,0,,4.333333333333333,4.5,10
-1,0,3,15169,0,6,http://google.ca,0,0,6,1,google.ca,16,2,0,0,,4.0,4.0,9
-1,0,3,-1,0,4,http://fc2.com,0,0,3,1,fc2.com,14,2,0,0,,3.3333333333333335,3.0,7
-1,0,3,-1,0,5,http://imgur.com,0,0,5,1,imgur.com,16,2,0,0,,4.0,4.0,9
-1,0,3,-1,0,5,http://youku.com,0,0,5,1,youku.com,16,2,0,0,,4.0,4.0,9
-1,0,3,32475,0,9,http://wordpress.org,0,0,9,1,wordpress.org,20,2,0,0,,5.333333333333333,6.0,13
-1,0,3,-1,0,4,http://vube.com,0,0,4,1,vube.com,15,2,0,0,,3.6666666666666665,3.5,8
-1,0,3,7132,0,6,http://flickr.com,0,0,6,1,flickr.com,17,2,0,0,,4.333333333333333,4.5,10
-1,0,4,-1,0,4,http://espn.go.com,0,0,4,2,espn.go.com,18,3,0,0,,3.25,3.0,11
-1,0,3,45102,0,7,http://alibaba.com,0,0,7,1,alibaba.com,18,2,0,0,,4.666666666666667,5.0,11
-1,0,3,49988,0,13,http://odnoklassniki.ru,0,0,13,1,odnoklassniki.ru,23,2,0,0,,6.333333333333333,7.5,16
-1,0,3,-1,0,7,http://conduit.com,0,0,7,1,conduit.com,18,2,0,0,,4.666666666666667,5.0,11
-1,0,3,51040,0,12,http://thepiratebay.sx,0,0,12,1,thepiratebay.sx,22,2,0,0,,6.0,7.0,15
-1,0,3,-1,0,8,http://akamaihd.net,0,0,8,1,akamaihd.net,19,2,0,0,,5.0,5.5,12
-1,0,3,42173,0,14,http://huffingtonpost.com,0,0,14,1,huffingtonpost.com,25,2,0,0,,7.0,8.5,18
-1,0,3,-1,0,6,http://adcash.com,0,0,6,1,adcash.com,17,2,0,0,,4.333333333333333,4.5,10
-1,0,3,-1,0,4,http://t.co,0,0,2,1,t.co,11,2,0,0,,2.3333333333333335,1.5,4
-1,0,3,-1,0,6,http://amazon.de,0,0,6,1,amazon.de,16,2,0,0,,4.0,4.0,9
-1,0,4,15169,0,6,http://google.com.tr,0,0,6,2,google.com.tr,20,3,0,0,,3.75,3.6666666666666665,13
-1,0,3,26496,0,7,http://godaddy.com,0,0,7,1,godaddy.com,18,2,0,0,,4.666666666666667,5.0,11
-1,0,3,29789,0,7,http://pornhub.com,0,0,7,1,pornhub.com,18,2,0,0,,4.666666666666667,5.0,11
-1,0,3,15169,0,8,http://blogspot.in,0,0,8,1,blogspot.in,18,2,0,0,,4.666666666666667,5.0,11
-1,0,3,-1,0,5,http://about.com,0,0,5,1,about.com,16,2,0,0,,4.0,4.0,9
-1,0,3,-1,0,4,http://ku6.com,0,0,3,1,ku6.com,14,2,0,0,,3.3333333333333335,3.0,7
-1,0,3,11643,0,4,http://ebay.de,0,0,4,1,ebay.de,14,2,0,0,,3.3333333333333335,3.0,7
-1,0,3,-1,0,6,http://reddit.com,0,0,6,1,reddit.com,17,2,0,0,,4.333333333333333,4.5,10
-1,0,4,-1,0,8,http://bp.blogspot.com,0,0,8,2,bp.blogspot.com,22,3,0,0,,4.25,4.333333333333333,15
-1,0,4,15169,0,6,http://google.com.au,0,0,6,2,google.com.au,20,3,0,0,,3.75,3.6666666666666665,13
-1,0,3,-1,0,5,http://adobe.com,0,0,5,1,adobe.com,16,2,0,0,,4.0,4.0,9
-1,0,4,7162,0,4,http://uol.com.br,0,0,3,2,uol.com.br,17,3,0,0,,3.0,2.6666666666666665,10
-1,0,3,15169,0,6,http://google.pl,0,0,6,1,google.pl,16,2,0,0,,4.0,4.0,9
-1,0,4,11643,0,4,http://ebay.co.uk,0,0,4,2,ebay.co.uk,17,3,0,0,,3.0,2.6666666666666665,10
-1,0,3,-1,0,7,http://netflix.com,0,0,7,1,netflix.com,18,2,0,0,,4.666666666666667,5.0,11
-1,0,3,41690,0,11,http://dailymotion.com,0,0,11,1,dailymotion.com,22,2,0,0,,6.0,7.0,15
-1,0,3,237,0,4,http://cnet.com,0,0,4,1,cnet.com,15,2,0,0,,3.6666666666666665,3.5,8
-1,0,4,29873,0,6,http://delta-search.com,0,0,6,1,delta-search.com,23,3,0,0,,4.5,4.666666666666667,16
-1,0,4,26769,0,9,http://dailymail.co.uk,0,0,9,2,dailymail.co.uk,22,3,0,0,,4.25,4.333333333333333,15
-1,0,4,23820,0,7,http://rakuten.co.jp,0,0,7,2,rakuten.co.jp,20,3,0,0,,3.75,3.6666666666666665,13
-1,0,3,45102,0,10,http://aliexpress.com,0,0,10,1,aliexpress.com,21,2,0,0,,5.666666666666667,6.5,14
-1,0,3,14778,0,4,http://aol.com,0,0,3,1,aol.com,14,2,0,0,,3.3333333333333335,3.0,7
-1,0,3,-1,0,4,http://dce.edu,0,0,3,1,dce.edu,14,2,0,0,,3.3333333333333335,3.0,7
-1,0,3,15169,0,6,http://google.com,0,0,6,1,google.com,17,2,0,0,,4.333333333333333,4.5,10
-1,0,15,-1,9,13,http://stackoverflow.com/questions/8551735/how-do-i-run-python-code-from-sublime-text-2,0,0,13,1,stackoverflow.com,87,2,4.25,12,/questions/8551735/how-do-i-run-python-code-from-sublime-text-2,4.733333333333333,8.0,17
-1,1,12,3,2,62,http://paypal.com.webscr.cmd.login.submit.dispatch.5885d80a13c0db1f8e263663d3faee8db2b24f7b84f1819343fd6c338b1d9d.222studio.com/UK/,2,0,62,9,paypal.com.webscr.cmd.login.submit.dispatch.5885d80a13c0db1f8e263663d3faee8db2b24f7b84f1819343fd6c338b1d9d.222studio.com,131,10,2.0,1,/UK/,9.75,11.1,120
-1,1,7,-1,11,11,http://paypal-manager-login.net/konflikt/66211165125/,1,0,7,1,paypal-manager-login.net,53,4,9.5,2,/konflikt/66211165125/,6.285714285714286,5.25,24
-1,1,7,-1,11,11,http://paypal-manager-loesung.net/konflikt/66211165125/,0,0,7,1,paypal-manager-loesung.net,55,4,9.5,2,/konflikt/66211165125/,6.571428571428571,5.75,26
-1,1,7,-1,11,11,http://paypal-manager-account.net/konflikt/66211165125/,1,0,7,1,paypal-manager-account.net,55,4,9.5,2,/konflikt/66211165125/,6.571428571428571,5.75,26
-1,1,10,-1,10,10,http://www.paypal-manager-account.net/konflikt/6222649185/index.php,1,0,7,3,www.paypal-manager-account.net,67,5,6.5,4,/konflikt/6222649185/index.php,5.6,5.2,30
-1,1,10,-1,11,11,http://www.paypal-manager-login.net/konflikt/79235228200/index.php,1,0,7,3,www.paypal-manager-login.net,66,5,6.75,4,/konflikt/79235228200/index.php,5.5,4.8,28
-1,1,8,-1,6,7,http://paypal.com.laveaki.com.br/PayPal.com/,0,0,7,5,paypal.com.laveaki.com.br,44,5,4.5,2,/PayPal.com/,4.25,4.2,25
-1,1,26,-1,9,64,http://paypal.com.client.identifiant.compte.clefs.informations.upgarde.mon.compte.personnel.ghs56hge556rg4h6qe4th654f84e84r8e.hopitalveterinairedrummond.com/a/payp/Updateto0/index/web/paypal/login/?cmd=_home&dispatch=a430fedacc1fa4f0b709f55224ba5c0ea430fedacc1fa4f0b709f55224ba5c0e,1,0,33,13,paypal.com.client.identifiant.compte.clefs.informations.upgarde.mon.compte.personnel.ghs56hge556rg4h6qe4th654f84e84r8e.hopitalveterinairedrummond.com,281,14,4.714285714285714,7,/a/payp/Updateto0/index/web/paypal/login/,9.73076923076923,9.714285714285714,149
-1,1,6,36351,5,7,http://msd2003.com/rche/index.htm,0,0,7,2,msd2003.com,33,2,4.0,3,/rche/index.htm,4.333333333333333,5.0,11
-1,1,9,-1,10,10,http://paypal-manager-loesung.net/konflikt/6624985147/index.php,0,0,7,2,paypal-manager-loesung.net,63,4,6.5,4,/konflikt/6624985147/index.php,5.888888888888889,5.75,26
-1,1,10,16509,9,9,http://eadideal.com.br/conteudos/material/66/Netzro-Login.html,0,0,8,3,eadideal.com.br,62,3,5.666666666666667,6,/conteudos/material/66/Netzro-Login.html,5.1,4.333333333333333,15
-1,1,12,-1,4,32,http://tahmid.ir/user/?cmd=_home&amp;dispatch=5885d80a13c0db1f8e&amp;ee=669498ee5d0b4b381fd2bb1cceb52112,0,0,6,1,tahmid.ir,104,2,4.0,1,/user/,7.5,4.0,9
-1,1,14,46475,21,21,http://208.115.247.198/paypal.com.au.434324.fdsfsd32423423.fadfafas.3423423432fsfdafsdfsd/index1.php,0,1,3,10,208.115.247.198,100,4,7.666666666666667,9,/paypal.com.au.434324.fdsfsd32423423.fadfafas.3423423432fsfdafsdfsd/index1.php,6.071428571428571,3.0,15
-1,1,13,-1,9,9,http://www.paypal-manager-service.net/konflikt/785549116/index.php?webapps=/mpp/verkaufen,0,0,7,3,www.paypal-manager-service.net,89,5,6.25,4,/konflikt/785549116/index.php,5.6923076923076925,5.2,30
-1,1,8,-1,32,32,http://www.nervemobilization.com/update/06bb5b5bd8b1be54b78648f4993a1de1/protect.html,0,0,17,3,www.nervemobilization.com,85,3,12.25,4,/update/06bb5b5bd8b1be54b78648f4993a1de1/protect.html,9.5,7.666666666666667,25
-1,1,8,-1,32,32,http://www.nervemobilization.com/update/15f58e7e4a736e2cd442b733e8755716/protect.html,0,0,17,3,www.nervemobilization.com,85,3,12.25,4,/update/15f58e7e4a736e2cd442b733e8755716/protect.html,9.5,7.666666666666667,25
-1,1,8,39134,9,11,http://sionaviatur.ru/wp-includes/syystemyj/index50.htm,0,0,11,2,sionaviatur.ru,55,2,5.8,5,/wp-includes/syystemyj/index50.htm,5.75,6.5,14
-1,1,8,46475,6,6,http://208.115.247.197/au/index1.php,0,1,3,4,208.115.247.197,36,4,3.6666666666666665,3,/au/index1.php,3.375,3.0,15
-1,1,12,-1,13,13,http://toc.cl/wp-admin/www.sparkasse.de/online-banking.aktualisieren.htm,1,0,3,5,toc.cl,72,2,5.555555555555555,9,/wp-admin/www.sparkasse.de/online-banking.aktualisieren.htm,4.916666666666667,2.5,6
-1,1,11,-1,8,10,http://paristokyo.biz/trouvay-cauvin.co.uk/includes/AOL/index.php,0,0,10,4,paristokyo.biz,65,2,4.5,8,/trouvay-cauvin.co.uk/includes/AOL/index.php,4.818181818181818,6.5,14
-1,1,9,-1,7,14,http://fenixexpressgc.com/cooljoe/CLICK/CLICK/index.php.htm,0,0,14,3,fenixexpressgc.com,59,2,4.666666666666667,6,/cooljoe/CLICK/CLICK/index.php.htm,5.444444444444445,8.5,18
-1,1,14,15003,7,10,http://arbiitours.com/wp-content/plugins/contact-form-777/images/online/login.jsp.html,1,0,10,3,arbiitours.com,86,2,4.909090909090909,11,/wp-content/plugins/contact-form-777/images/online/login.jsp.html,5.071428571428571,6.5,14
-1,1,21,46606,34,34,http://ruthdunn.org/paypal.co.uk.c17d1db50d22aa998bed4a8d7855d5fa03/ffd12b054185e4e1b246b1abc08efb1a/cgi-bin/en/account/login/index.php%5B%2A%2Aqmark%2A%2A%5D,2,0,8,5,ruthdunn.org,158,2,6.722222222222222,18,/paypal.co.uk.c17d1db50d22aa998bed4a8d7855d5fa03/ffd12b054185e4e1b246b1abc08efb1a/cgi-bin/en/account/login/index.php%5B%2A%2Aqmark%2A%2A%5D,6.476190476190476,5.5,12
-1,1,4,6939,3,19,http://civilwarvetswastate.com/gxy/,0,0,19,1,civilwarvetswastate.com,35,2,3.0,1,/gxy/,7.25,11.0,23
-1,1,9,7162,8,8,http://200.98.128.198/testax14/p/itant.html,0,1,3,4,200.98.128.198,43,4,4.5,4,/testax14/p/itant.html,3.6666666666666665,2.75,14
-1,1,8,-1,8,9,http://itau.servehttp.com/seguro/processo-adesao.php,0,0,9,3,itau.servehttp.com,52,3,5.75,4,/seguro/processo-adesao.php,5.375,5.333333333333333,18
-1,1,6,-1,6,17,http://www.yenimodamodelleri.com/wp_log/Admin/,0,0,17,2,www.yenimodamodelleri.com,46,3,5.5,2,/wp_log/Admin/,6.333333333333333,7.666666666666667,25
-1,1,8,-1,8,12,http://itauguardiao.servehttp.com/blindado/processo-adesao.php,0,0,12,3,itauguardiao.servehttp.com,62,3,6.25,4,/blindado/processo-adesao.php,6.625,8.0,26
-1,1,9,237,10,10,http://www.terrario.org/libraries/jscrop/javascript/ver_2.25/,0,0,8,3,www.terrario.org,61,3,6.4,5,/libraries/jscrop/javascript/ver_2.25/,5.555555555555555,4.666666666666667,16
-1,1,8,52270,14,19,http://bomberospuertomontt.cl/modules/0299970236/24185239539553/index2.php,0,0,19,2,bomberospuertomontt.cl,74,2,8.0,5,/modules/0299970236/24185239539553/index2.php,8.125,10.5,22
-1,1,7,44112,15,15,http://bitayamashina.ru/8411305558/349325931520424/index2.php,0,0,13,2,bitayamashina.ru,61,2,8.5,4,/8411305558/349325931520424/index2.php,7.571428571428571,7.5,16
-1,1,11,-1,14,14,http://ba.dabed1.client.atlantech.net/modules/9065527929/24185239539553/index2.php,0,0,9,5,ba.dabed1.client.atlantech.net,82,5,8.0,5,/modules/9065527929/24185239539553/index2.php,6.363636363636363,5.2,30
-1,1,16,-1,12,36,http://us.payment.playpal.com.websrc.cmd.8d84f4d5s4f555sd4f8s54f5s48s8s8s5d4f.login.account.554f8sd8sd8.legacyfive.biz/verification/Comp/Comp/,2,0,36,11,us.payment.playpal.com.websrc.cmd.8d84f4d5s4f555sd4f8s54f5s48s8s8s5d4f.login.account.554f8sd8sd8.legacyfive.biz,142,12,6.666666666666667,3,/verification/Comp/Comp/,7.75,8.333333333333334,111
-1,1,20,-1,32,36,http://us.payment.playpal.com.websrc.cmd.8d84f4d5s4f555sd4f8s54f5s48s8s8s5d4f.login.account.554f8sd8sd8.legacyfive.biz/verification/Comp/Comp/8d0b3059023634d5c323eaffc9db6531/Login/advencev/Done/,2,0,36,11,us.payment.playpal.com.websrc.cmd.8d84f4d5s4f555sd4f8s54f5s48s8s8s5d4f.login.account.554f8sd8sd8.legacyfive.biz,195,12,9.857142857142858,7,/verification/Comp/Comp/8d0b3059023634d5c323eaffc9db6531/Login/advencev/Done/,8.65,8.333333333333334,111
-1,1,8,-1,15,15,http://cookieskeywest.com/modules/8218395246/105328892193242/index2.php,0,0,14,2,cookieskeywest.com,71,2,8.2,5,/modules/8218395246/105328892193242/index2.php,7.75,8.5,18
-1,1,20,-1,32,36,http://us.payment.playpal.com.websrc.cmd.8d84f4d5s4f555sd4f8s54f5s48s8s8s5d4f.login.account.554f8sd8sd8.legacyfive.biz/verification/Comp/Comp/913b469b02247c99ce34cfeea078551a/Login/advencev/Done/,2,0,36,11,us.payment.playpal.com.websrc.cmd.8d84f4d5s4f555sd4f8s54f5s48s8s8s5d4f.login.account.554f8sd8sd8.legacyfive.biz,195,12,9.857142857142858,7,/verification/Comp/Comp/913b469b02247c99ce34cfeea078551a/Login/advencev/Done/,8.65,8.333333333333334,111
-1,1,8,52270,15,19,http://bomberospuertomontt.cl/modules/0299970236/105328892193242/index2.php,0,0,19,2,bomberospuertomontt.cl,75,2,8.2,5,/modules/0299970236/105328892193242/index2.php,8.25,10.5,22
-1,1,8,-1,15,15,http://bolanfamily.com/modules/5202682656/105328892193242/index2.php,0,0,11,2,bolanfamily.com,68,2,8.2,5,/modules/5202682656/105328892193242/index2.php,7.375,7.0,15
-1,1,11,-1,32,32,http://ecocareonline.com/wp-content/themes/Paypal_Virefication/1d7be49f438450a45004dde3aa2fad9f/new1/ad8354d87a30ca581c0d39c8c99eda42/57a1551914f64a14939a926f47f815c5/,0,0,13,1,ecocareonline.com,167,2,16.75,8,/wp-content/themes/Paypal_Virefication/1d7be49f438450a45004dde3aa2fad9f/new1/ad8354d87a30ca581c0d39c8c99eda42/57a1551914f64a14939a926f47f815c5/,14.0,8.0,17
-1,1,9,-1,14,14,http://ans-electric.com/modules/4630490953/24185239539553/index2.php,0,0,8,2,ans-electric.com,68,3,8.0,5,/modules/4630490953/24185239539553/index2.php,6.444444444444445,4.666666666666667,16
-1,1,10,32392,15,15,http://98.130.167.189/modules/6721286628/349325931520424/index2.php,0,1,3,4,98.130.167.189,67,4,8.2,5,/modules/6721286628/349325931520424/index2.php,5.6,2.75,14
-1,1,8,35492,14,14,http://fiegerl.com/components/6591932935/24185239539553/index2.php,0,0,7,2,fiegerl.com,66,2,8.6,5,/components/6591932935/24185239539553/index2.php,7.125,5.0,11
-1,1,12,7162,8,67,http://www.eletrorenovadora.com.br/pages/ativacao/webppr/pps8/index2.html?=585d80a13c1f8e263663dd3faee8d35d0e363192f28ea2a5d35d0e363192f28d1bf,0,0,16,4,www.eletrorenovadora.com.br,142,4,5.5,6,/pages/ativacao/webppr/pps8/index2.html,10.666666666666666,6.0,27
-1,1,9,40034,14,20,http://www.docentesentrerrianos.com/coldwellbanker.com/googledoc/index.htm,0,0,20,4,www.docentesentrerrianos.com,74,3,6.8,5,/coldwellbanker.com/googledoc/index.htm,7.111111111111111,8.666666666666666,28
-1,1,6,13237,12,18,http://tierehelfenkindern.de/verification/id=786033625/,0,0,18,1,tierehelfenkindern.de,55,2,7.666666666666667,3,/verification/id=786033625/,7.833333333333333,10.0,21
-1,1,3,13237,0,18,http://tierehelfenkindern.de,0,0,18,1,tierehelfenkindern.de,28,2,0,0,,8.0,10.0,21
-1,1,10,-1,10,13,http://secure.googledrive.com.iphoneturkish.com/new/Googledocs%20Secure.htm,1,0,13,5,secure.googledrive.com.iphoneturkish.com,75,5,6.0,4,/new/Googledocs%20Secure.htm,6.4,7.2,40
-1,1,9,-1,7,13,http://secure.googledrive.com.iphoneturkish.com/sec/easyweb.htm,1,0,13,5,secure.googledrive.com.iphoneturkish.com,63,5,4.333333333333333,3,/sec/easyweb.htm,5.888888888888889,7.2,40
-1,1,8,13237,12,12,http://tiere-helfen-kindern.de/verification/id=265455776/,0,0,7,1,tiere-helfen-kindern.de,57,4,7.666666666666667,3,/verification/id=265455776/,5.875,5.0,23
-1,0,3,38631,0,8,http://livedoor.com,0,0,8,1,livedoor.com,19,2,0,0,,5.0,5.5,12
-1,0,4,15169,0,6,http://google.com.tw,0,0,6,2,google.com.tw,20,3,0,0,,3.75,3.6666666666666665,13
-1,0,3,-1,0,15,http://bannersdontwork.com,0,0,15,1,bannersdontwork.com,26,2,0,0,,7.333333333333333,9.0,19
-1,0,3,-1,0,11,http://stumbleupon.com,0,0,11,1,stumbleupon.com,22,2,0,0,,6.0,7.0,15
-1,0,3,-1,0,11,http://theguardian.com,0,0,11,1,theguardian.com,22,2,0,0,,6.0,7.0,15
-1,0,3,-1,0,9,http://mediafire.com,0,0,9,1,mediafire.com,20,2,0,0,,5.333333333333333,6.0,13
-1,0,3,-1,0,6,http://blogfa.com,0,0,6,1,blogfa.com,17,2,0,0,,4.333333333333333,4.5,10
-1,0,4,15169,0,6,http://google.co.th,0,0,6,2,google.co.th,19,3,0,0,,3.5,3.3333333333333335,12
-1,0,3,-1,0,8,http://torrentz.eu,0,0,8,1,torrentz.eu,18,2,0,0,,4.666666666666667,5.0,11
-1,0,3,7922,0,7,http://foxnews.com,0,0,7,1,foxnews.com,18,2,0,0,,4.666666666666667,5.0,11
-1,0,3,36856,0,7,http://mozilla.org,0,0,7,1,mozilla.org,18,2,0,0,,4.666666666666667,5.0,11
-1,0,3,4808,0,5,http://pcpop.com,0,0,5,1,pcpop.com,16,2,0,0,,4.0,4.0,9
-1,0,3,46989,0,9,http://w3schools.com,0,0,9,1,w3schools.com,20,2,0,0,,5.333333333333333,6.0,13
-1,0,3,40824,0,7,http://4shared.com,0,0,7,1,4shared.com,18,2,0,0,,4.666666666666667,5.0,11
-1,0,3,-1,0,6,http://forbes.com,0,0,6,1,forbes.com,17,2,0,0,,4.333333333333333,4.5,10
-1,0,4,-1,0,6,http://people.com.cn,0,0,6,2,people.com.cn,20,3,0,0,,3.75,3.6666666666666665,13
-1,0,3,18837,0,7,http://addthis.com,0,0,7,1,addthis.com,18,2,0,0,,4.666666666666667,5.0,11
-1,0,4,15169,0,6,http://google.co.za,0,0,6,2,google.co.za,19,3,0,0,,3.5,3.3333333333333335,12
-1,0,4,701,0,6,http://media.tumblr.com,0,0,6,2,media.tumblr.com,23,3,0,0,,4.5,4.666666666666667,16
-1,0,4,4808,0,4,http://jrj.com.cn,0,0,3,2,jrj.com.cn,17,3,0,0,,3.0,2.6666666666666665,10
-1,0,3,7941,0,7,http://archive.org,0,0,7,1,archive.org,18,2,0,0,,4.666666666666667,5.0,11
-1,0,3,-1,0,9,http://hostgator.com,0,0,9,1,hostgator.com,20,2,0,0,,5.333333333333333,6.0,13
-1,0,3,36025,0,11,http://sourceforge.net,0,0,11,1,sourceforge.net,22,2,0,0,,6.0,7.0,15
-1,0,3,-1,0,8,http://lady8844.com,0,0,8,1,lady8844.com,19,2,0,0,,5.0,5.5,12
-1,0,3,12678,0,5,http://badoo.com,0,0,5,1,badoo.com,16,2,0,0,,4.0,4.0,9
-1,0,3,39134,0,12,http://liveinternet.ru,0,0,12,1,liveinternet.ru,22,2,0,0,,6.0,7.0,15
-1,0,3,-1,0,7,http://wikihow.com,0,0,7,1,wikihow.com,18,2,0,0,,4.666666666666667,5.0,11
-1,0,3,10794,0,13,http://bankofamerica.com,0,0,13,1,bankofamerica.com,24,2,0,0,,6.666666666666667,8.0,17
-1,0,4,2635,0,9,http://files.wordpress.com,0,0,9,2,files.wordpress.com,26,3,0,0,,5.25,5.666666666666667,19
-1,0,3,-1,0,8,http://flipkart.com,0,0,8,1,flipkart.com,19,2,0,0,,5.0,5.5,12
-1,0,3,-1,0,11,http://statcounter.com,0,0,11,1,statcounter.com,22,2,0,0,,6.0,7.0,15
-1,0,3,4847,0,6,http://renren.com,0,0,6,1,renren.com,17,2,0,0,,4.333333333333333,4.5,10
-1,0,3,34309,0,7,http://spiegel.de,0,0,7,1,spiegel.de,17,2,0,0,,4.333333333333333,4.5,10
-1,0,4,15169,0,6,http://google.co.id,0,0,6,2,google.co.id,19,3,0,0,,3.5,3.3333333333333335,12
-1,0,3,-1,0,10,http://salesforce.com,0,0,10,1,salesforce.com,21,2,0,0,,5.666666666666667,6.5,14
-1,0,3,7743,0,5,http://chase.com,0,0,5,1,chase.com,16,2,0,0,,4.0,4.0,9
-1,0,3,-1,0,12,http://warriorforum.com,0,0,12,1,warriorforum.com,23,2,0,0,,6.333333333333333,7.5,16
-1,0,3,-1,0,8,http://buzzfeed.com,0,0,8,1,buzzfeed.com,19,2,0,0,,5.0,5.5,12
-1,0,3,9808,0,4,http://jd.com,0,0,3,1,jd.com,13,2,0,0,,3.0,2.5,6
-1,0,3,-1,0,9,http://reference.com,0,0,9,1,reference.com,20,2,0,0,,5.333333333333333,6.0,13
-1,0,3,58431,0,6,http://bet365.com,0,0,6,1,bet365.com,17,2,0,0,,4.333333333333333,4.5,10
-1,0,3,29789,0,5,http://tube8.com,0,0,5,1,tube8.com,16,2,0,0,,4.0,4.0,9
-1,0,3,14829,0,11,http://mywebsearch.com,0,0,11,1,mywebsearch.com,22,2,0,0,,6.0,7.0,15
-1,0,3,3561,0,4,http://zedo.com,0,0,4,1,zedo.com,15,2,0,0,,3.6666666666666665,3.5,8
-1,0,4,15169,0,6,http://google.com.co,0,0,6,2,google.com.co,20,3,0,0,,3.75,3.6666666666666665,13
-1,0,3,-1,0,10,http://soundcloud.com,0,0,10,1,soundcloud.com,21,2,0,0,,5.666666666666667,6.5,14
-1,0,3,4808,0,4,http://beva.com,0,0,4,1,beva.com,15,2,0,0,,3.6666666666666665,3.5,8
-1,0,3,-1,0,6,http://indeed.com,0,0,6,1,indeed.com,17,2,0,0,,4.333333333333333,4.5,10
-1,0,3,15169,0,6,http://google.gr,0,0,6,1,google.gr,16,2,0,0,,4.0,4.0,9
-1,0,3,-1,0,6,http://clkmon.com,0,0,6,1,clkmon.com,17,2,0,0,,4.333333333333333,4.5,10
-1,0,3,237,0,8,http://softonic.com,0,0,8,1,softonic.com,19,2,0,0,,5.0,5.5,12
-1,0,4,15169,0,6,http://google.com.vn,0,0,6,2,google.com.vn,20,3,0,0,,3.75,3.6666666666666665,13
-1,0,3,-1,0,4,http://nfl.com,0,0,3,1,nfl.com,14,2,0,0,,3.3333333333333335,3.0,7
-1,0,3,-1,0,9,http://mailchimp.com,0,0,9,1,mailchimp.com,20,2,0,0,,5.333333333333333,6.0,13
-1,0,3,42656,0,7,http://allegro.pl,0,0,7,1,allegro.pl,17,2,0,0,,4.333333333333333,4.5,10
-1,0,3,26496,0,5,http://qtrax.com,0,0,5,1,qtrax.com,16,2,0,0,,4.0,4.0,9
-1,0,3,-1,0,11,http://tripadvisor.com,0,0,11,1,tripadvisor.com,22,2,0,0,,6.0,7.0,15
-1,0,3,14173,0,11,http://photobucket.com,0,0,11,1,photobucket.com,22,2,0,0,,6.0,7.0,15
-1,0,3,15169,0,6,http://google.be,0,0,6,1,google.be,16,2,0,0,,4.0,4.0,9
-1,0,3,25973,0,8,http://mashable.com,0,0,8,1,mashable.com,19,2,0,0,,5.0,5.5,12
-1,0,3,-1,0,5,http://skype.com,0,0,5,1,skype.com,16,2,0,0,,4.0,4.0,9
-1,0,3,17374,0,7,http://walmart.com,0,0,7,1,walmart.com,18,2,0,0,,4.666666666666667,5.0,11
-1,0,3,-1,0,4,http://xyxy.net,0,0,4,1,xyxy.net,15,2,0,0,,3.6666666666666665,3.5,8
-1,0,3,-1,0,7,http://nbcnews.com,0,0,7,1,nbcnews.com,18,2,0,0,,4.666666666666667,5.0,11
-1,0,4,-1,0,5,http://gamer.com.tw,0,0,5,2,gamer.com.tw,19,3,0,0,,3.5,3.3333333333333335,12
-1,0,4,15169,0,6,http://google.com.ua,0,0,6,2,google.com.ua,20,3,0,0,,3.75,3.6666666666666665,13
-1,0,3,-1,0,7,http://taringa.net,0,0,7,1,taringa.net,18,2,0,0,,4.666666666666667,5.0,11
-1,0,3,46606,0,14,http://empowernetwork.com,0,0,14,1,empowernetwork.com,25,2,0,0,,7.0,8.5,18
-1,0,3,8792,0,4,http://bild.de,0,0,4,1,bild.de,14,2,0,0,,3.3333333333333335,3.0,7
-1,0,3,36459,0,6,http://github.com,0,0,6,1,github.com,17,2,0,0,,4.333333333333333,4.5,10
-1,0,3,-1,0,17,http://thefreedictionary.com,0,0,17,1,thefreedictionary.com,28,2,0,0,,8.0,10.0,21
-1,0,3,12993,0,4,http://ask.fm,0,0,3,1,ask.fm,13,2,0,0,,3.0,2.5,6
-1,0,4,15169,0,6,http://google.co.ve,0,0,6,2,google.co.ve,19,3,0,0,,3.5,3.3333333333333335,12
-1,0,3,12990,0,4,http://onet.pl,0,0,4,1,onet.pl,14,2,0,0,,3.3333333333333335,3.0,7
-1,0,3,49763,0,9,http://leboncoin.fr,0,0,9,1,leboncoin.fr,19,2,0,0,,5.0,5.5,12
-1,0,4,15169,0,6,http://google.com.ng,0,0,6,2,google.com.ng,20,3,0,0,,3.75,3.6666666666666665,13
-1,0,3,36752,0,12,http://yieldmanager.com,0,0,12,1,yieldmanager.com,23,2,0,0,,6.333333333333333,7.5,16
-1,0,3,17819,0,9,http://nicovideo.jp,0,0,9,1,nicovideo.jp,19,2,0,0,,5.0,5.5,12
-1,0,4,4134,0,8,http://pconline.com.cn,0,0,8,2,pconline.com.cn,22,3,0,0,,4.25,4.333333333333333,15
-1,0,3,-1,0,13,http://wordreference.com,0,0,13,1,wordreference.com,24,2,0,0,,6.666666666666667,8.0,17
-1,0,3,-1,0,4,http://php.net,0,0,3,1,php.net,14,2,0,0,,3.3333333333333335,3.0,7
-1,0,4,-1,0,9,http://telegraph.co.uk,0,0,9,2,telegraph.co.uk,22,3,0,0,,4.25,4.333333333333333,15
-1,0,3,4196,0,10,http://wellsfargo.com,0,0,10,1,wellsfargo.com,21,2,0,0,,5.666666666666667,6.5,14
-1,0,3,12989,0,8,http://uploaded.net,0,0,8,1,uploaded.net,19,2,0,0,,5.0,5.5,12
-1,0,3,-1,0,4,http://wsj.com,0,0,3,1,wsj.com,14,2,0,0,,3.3333333333333335,3.0,7
-1,0,3,21735,0,8,http://usatoday.com,0,0,8,1,usatoday.com,19,2,0,0,,5.0,5.5,12
-1,0,3,40428,0,7,http://pandora.com,0,0,7,1,pandora.com,18,2,0,0,,4.666666666666667,5.0,11
-1,0,4,2914,0,4,http://goo.ne.jp,0,0,3,2,goo.ne.jp,16,3,0,0,,2.75,2.3333333333333335,9
-1,0,3,-1,0,12,http://shutterstock.com,0,0,12,1,shutterstock.com,23,2,0,0,,6.333333333333333,7.5,16
-1,0,4,4134,0,6,http://pclady.com.cn,0,0,6,2,pclady.com.cn,20,3,0,0,,3.75,3.6666666666666665,13
-1,0,3,7922,0,7,http://comcast.net,0,0,7,1,comcast.net,18,2,0,0,,4.666666666666667,5.0,11
-1,0,3,-1,0,7,http://answers.com,0,0,7,1,answers.com,18,2,0,0,,4.666666666666667,5.0,11
-1,0,4,15169,0,6,http://google.com.ph,0,0,6,2,google.com.ph,20,3,0,0,,3.75,3.6666666666666665,13
-1,0,3,-1,0,6,http://amazon.fr,0,0,6,1,amazon.fr,16,2,0,0,,4.0,4.0,9
-1,0,3,15169,0,6,http://google.se,0,0,6,1,google.se,16,2,0,0,,4.0,4.0,9
-1,0,3,47105,0,9,http://rutracker.org,0,0,9,1,rutracker.org,20,2,0,0,,5.333333333333333,6.0,13
-1,0,3,15169,0,6,http://google.cn,0,0,6,1,google.cn,16,2,0,0,,4.0,4.0,9
-1,0,3,-1,0,4,http://aili.com,0,0,4,1,aili.com,15,2,0,0,,3.6666666666666665,3.5,8
-1,0,3,-1,0,14,http://washingtonpost.com,0,0,14,1,washingtonpost.com,25,2,0,0,,7.0,8.5,18
-1,0,3,15169,0,6,http://google.ro,0,0,6,1,google.ro,16,2,0,0,,4.0,4.0,9
-1,0,3,-1,0,4,http://ikea.com,0,0,4,1,ikea.com,15,2,0,0,,3.6666666666666665,3.5,8
-1,0,3,-1,0,10,http://wigetmedia.com,0,0,10,1,wigetmedia.com,21,2,0,0,,5.666666666666667,6.5,14
-1,0,3,-1,0,6,http://zillow.com,0,0,6,1,zillow.com,17,2,0,0,,4.333333333333333,4.5,10
-1,0,3,27647,0,6,http://weebly.com,0,0,6,1,weebly.com,17,2,0,0,,4.333333333333333,4.5,10
-1,0,3,6619,0,7,http://samsung.com,0,0,7,1,samsung.com,18,2,0,0,,4.666666666666667,5.0,11
-1,0,3,-1,0,4,http://wix.com,0,0,3,1,wix.com,14,2,0,0,,3.3333333333333335,3.0,7
-1,0,3,199420,0,4,http://ucoz.ru,0,0,4,1,ucoz.ru,14,2,0,0,,3.3333333333333335,3.0,7
-1,0,3,24638,0,7,http://rambler.ru,0,0,7,1,rambler.ru,17,2,0,0,,4.333333333333333,4.5,10
-1,0,3,38631,0,5,http://naver.jp,0,0,5,1,naver.jp,15,2,0,0,,3.6666666666666665,3.5,8
-1,0,3,-1,0,4,http://9gag.com,0,0,4,1,9gag.com,15,2,0,0,,3.6666666666666665,3.5,8
-1,0,3,36351,0,4,http://qvo6.com,0,0,4,1,qvo6.com,15,2,0,0,,3.6666666666666665,3.5,8
-1,0,4,-1,0,12,http://mercadolivre.com.br,0,0,12,2,mercadolivre.com.br,26,3,0,0,,5.25,5.666666666666667,19
-1,0,3,-1,0,13,http://stackexchange.com,0,0,13,1,stackexchange.com,24,2,0,0,,6.666666666666667,8.0,17
-1,0,3,2914,0,6,http://rediff.com,0,0,6,1,rediff.com,17,2,0,0,,4.333333333333333,4.5,10
-1,0,3,15169,0,6,http://google.dz,0,0,6,1,google.dz,16,2,0,0,,4.0,4.0,9
-1,0,3,-1,0,6,http://popads.net,0,0,6,1,popads.net,17,2,0,0,,4.333333333333333,4.5,10
-1,0,4,15169,0,6,http://google.com.pe,0,0,6,2,google.com.pe,20,3,0,0,,3.75,3.6666666666666665,13
-1,0,3,-1,0,4,http://ehow.com,0,0,4,1,ehow.com,15,2,0,0,,3.6666666666666665,3.5,8
-1,0,3,-1,0,7,http://reuters.com,0,0,7,1,reuters.com,18,2,0,0,,4.666666666666667,5.0,11
-1,0,3,-1,0,4,http://moz.com,0,0,3,1,moz.com,14,2,0,0,,3.3333333333333335,3.0,7
-1,0,3,8560,0,4,http://gmx.net,0,0,3,1,gmx.net,14,2,0,0,,3.3333333333333335,3.0,7
-1,0,3,-1,0,6,http://ilivid.com,0,0,6,1,ilivid.com,17,2,0,0,,4.333333333333333,4.5,10
-1,0,3,9308,0,7,http://bitauto.com,0,0,7,1,bitauto.com,18,2,0,0,,4.666666666666667,5.0,11
-1,0,3,-1,0,9,http://goodreads.com,0,0,9,1,goodreads.com,20,2,0,0,,5.333333333333333,6.0,13
-1,0,4,15169,0,6,http://google.com.sg,0,0,6,2,google.com.sg,20,3,0,0,,3.75,3.6666666666666665,13
-1,0,3,-1,0,6,http://scribd.com,0,0,6,1,scribd.com,17,2,0,0,,4.333333333333333,4.5,10
-1,0,3,12217,0,4,http://ups.com,0,0,3,1,ups.com,14,2,0,0,,3.3333333333333335,3.0,7
-1,0,3,15169,0,6,http://google.at,0,0,6,1,google.at,16,2,0,0,,4.0,4.0,9
-1,0,3,4134,0,5,http://55bbs.com,0,0,5,1,55bbs.com,16,2,0,0,,4.0,4.0,9
-1,0,4,132164,0,6,http://kaskus.co.id,0,0,6,2,kaskus.co.id,19,3,0,0,,3.5,3.3333333333333335,12
-1,0,3,-1,0,14,http://bleacherreport.com,0,0,14,1,bleacherreport.com,25,2,0,0,,7.0,8.5,18
-1,0,3,17318,0,11,http://domaintools.com,0,0,11,1,domaintools.com,22,2,0,0,,6.0,7.0,15
-1,0,3,12827,0,4,http://wp.pl,0,0,2,1,wp.pl,12,2,0,0,,2.6666666666666665,2.0,5
-1,0,4,-1,0,9,http://loading-delivery1.com,0,0,9,1,loading-delivery1.com,28,3,0,0,,5.75,6.333333333333333,21
-1,0,3,15169,0,6,http://google.ch,0,0,6,1,google.ch,16,2,0,0,,4.0,4.0,9
-1,0,3,12322,0,4,http://free.fr,0,0,4,1,free.fr,14,2,0,0,,3.3333333333333335,3.0,7
-1,0,3,-1,0,5,http://marca.com,0,0,5,1,marca.com,16,2,0,0,,4.0,4.0,9
-1,0,4,-1,0,7,http://caijing.com.cn,0,0,7,2,caijing.com.cn,21,3,0,0,,4.0,4.0,14
-1,0,3,40444,0,15,http://constantcontact.com,0,0,15,1,constantcontact.com,26,2,0,0,,7.333333333333333,9.0,19
-1,0,3,-1,0,5,http://avito.ru,0,0,5,1,avito.ru,15,2,0,0,,3.6666666666666665,3.5,8
-1,0,3,-1,0,15,http://businessinsider.com,0,0,15,1,businessinsider.com,26,2,0,0,,7.333333333333333,9.0,19
-1,0,3,3,0,12,http://espncricinfo.com,0,0,12,1,espncricinfo.com,23,2,0,0,,6.333333333333333,7.5,16
-1,0,3,-1,0,4,http://goal.com,0,0,4,1,goal.com,15,2,0,0,,3.6666666666666665,3.5,8
-1,0,3,-1,0,7,http://histats.com,0,0,7,1,histats.com,18,2,0,0,,4.666666666666667,5.0,11
-1,0,3,-1,0,6,http://douban.com,0,0,6,1,douban.com,17,2,0,0,,4.333333333333333,4.5,10
-1,0,3,29789,0,7,http://youjizz.com,0,0,7,1,youjizz.com,18,2,0,0,,4.666666666666667,5.0,11
-1,0,3,-1,0,6,http://hudong.com,0,0,6,1,hudong.com,17,2,0,0,,4.333333333333333,4.5,10
-1,0,4,15169,0,8,http://blogspot.co.uk,0,0,8,2,blogspot.co.uk,21,3,0,0,,4.0,4.0,14
-1,0,3,-1,0,12,http://extratorrent.com,0,0,12,1,extratorrent.com,23,2,0,0,,6.333333333333333,7.5,16
-1,0,3,4134,0,4,http://56.com,0,0,3,1,56.com,13,2,0,0,,3.0,2.5,6
-1,0,3,4808,0,8,http://onlylady.com,0,0,8,1,onlylady.com,19,2,0,0,,5.0,5.5,12
-1,0,3,15169,0,6,http://google.cl,0,0,6,1,google.cl,16,2,0,0,,4.0,4.0,9
-1,0,3,-1,0,5,http://detik.com,0,0,5,1,detik.com,16,2,0,0,,4.0,4.0,9
-1,0,3,12008,0,4,http://olx.in,0,0,3,1,olx.in,13,2,0,0,,3.0,2.5,6
-1,0,3,71,0,4,http://hp.com,0,0,3,1,hp.com,13,2,0,0,,3.0,2.5,6
-1,0,3,-1,0,4,http://ign.com,0,0,3,1,ign.com,14,2,0,0,,3.3333333333333335,3.0,7
-1,0,3,-1,0,10,http://codecanyon.net,0,0,10,1,codecanyon.net,21,2,0,0,,5.666666666666667,6.5,14
-1,0,3,237,0,9,http://clickbank.com,0,0,9,1,clickbank.com,20,2,0,0,,5.333333333333333,6.0,13
-1,0,3,-1,0,11,http://hardsextube.com,0,0,11,1,hardsextube.com,22,2,0,0,,6.0,7.0,15
-1,0,4,-1,0,4,http://dmm.co.jp,0,0,3,2,dmm.co.jp,16,3,0,0,,2.75,2.3333333333333335,9
-1,0,3,3257,0,5,http://bitly.com,0,0,5,1,bitly.com,16,2,0,0,,4.0,4.0,9
-1,0,3,8560,0,4,http://web.de,0,0,3,1,web.de,13,2,0,0,,3.0,2.5,6
-1,0,3,-1,0,6,http://libero.it,0,0,6,1,libero.it,16,2,0,0,,4.0,4.0,9
-1,0,3,-1,0,12,http://infusionsoft.com,0,0,12,1,infusionsoft.com,23,2,0,0,,6.333333333333333,7.5,16
-1,0,3,-1,0,8,http://gsmarena.com,0,0,8,1,gsmarena.com,19,2,0,0,,5.0,5.5,12
-1,0,3,-1,0,4,http://cj.com,0,0,3,1,cj.com,13,2,0,0,,3.0,2.5,6
-1,0,3,15169,0,6,http://google.pt,0,0,6,1,google.pt,16,2,0,0,,4.0,4.0,9
-1,0,3,-1,0,6,http://disqus.com,0,0,6,1,disqus.com,17,2,0,0,,4.333333333333333,4.5,10
-1,0,3,-1,0,6,http://meetup.com,0,0,6,1,meetup.com,17,2,0,0,,4.333333333333333,4.5,10
-1,0,4,15169,0,6,http://google.com.bd,0,0,6,2,google.com.bd,20,3,0,0,,3.75,3.6666666666666665,13
-1,0,4,-1,0,4,http://enet.com.cn,0,0,4,2,enet.com.cn,18,3,0,0,,3.25,3.0,11
-1,0,3,5774,0,4,http://usps.com,0,0,4,1,usps.com,15,2,0,0,,3.6666666666666665,3.5,8
-1,0,4,-1,0,8,http://hurriyet.com.tr,0,0,8,2,hurriyet.com.tr,22,3,0,0,,4.25,4.333333333333333,15
-1,0,3,17439,0,4,http://in.com,0,0,3,1,in.com,13,2,0,0,,3.0,2.5,6
-1,0,3,31549,0,8,http://varzesh3.com,0,0,8,1,varzesh3.com,19,2,0,0,,5.0,5.5,12
-1,0,3,10361,0,9,http://bloomberg.com,0,0,9,1,bloomberg.com,20,2,0,0,,5.333333333333333,6.0,13
-1,0,3,36323,0,10,http://imageshack.us,0,0,10,1,imageshack.us,20,2,0,0,,5.333333333333333,6.0,13
-1,0,3,11608,0,16,http://thefreecamsecret.com,0,0,16,1,thefreecamsecret.com,27,2,0,0,,7.666666666666667,9.5,20
-1,0,3,7726,0,5,http://fedex.com,0,0,5,1,fedex.com,16,2,0,0,,4.0,4.0,9
-1,0,3,8891,0,6,http://orange.fr,0,0,6,1,orange.fr,16,2,0,0,,4.0,4.0,9
-1,0,3,-1,0,6,http://pchome.net,0,0,6,1,pchome.net,17,2,0,0,,4.333333333333333,4.5,10
-1,0,3,237,0,8,http://mobile01.com,0,0,8,1,mobile01.com,19,2,0,0,,5.0,5.5,12
-1,0,4,4134,0,4,http://voc.com.cn,0,0,3,2,voc.com.cn,17,3,0,0,,3.0,2.6666666666666665,10
-1,0,3,50343,0,4,http://xing.com,0,0,4,1,xing.com,15,2,0,0,,3.6666666666666665,3.5,8
-1,0,4,-1,0,8,http://milliyet.com.tr,0,0,8,2,milliyet.com.tr,22,3,0,0,,4.25,4.333333333333333,15
-1,0,3,-1,0,8,http://bluehost.com,0,0,8,1,bluehost.com,19,2,0,0,,5.0,5.5,12
-1,0,3,23576,0,5,http://naver.com,0,0,5,1,naver.com,16,2,0,0,,4.0,4.0,9
-1,0,3,-1,0,4,http://hulu.com,0,0,4,1,hulu.com,15,2,0,0,,3.6666666666666665,3.5,8
-1,0,3,-1,0,11,http://siteadvisor.com,0,0,11,1,siteadvisor.com,22,2,0,0,,6.0,7.0,15
-1,0,3,26769,0,4,http://ndtv.com,0,0,4,1,ndtv.com,15,2,0,0,,3.6666666666666665,3.5,8
-1,0,3,-1,0,9,http://putlocker.com,0,0,9,1,putlocker.com,20,2,0,0,,5.333333333333333,6.0,13
-1,0,3,-1,0,4,http://xe.com,0,0,3,1,xe.com,13,2,0,0,,3.0,2.5,6
-1,0,3,-1,0,6,http://kooora.com,0,0,6,1,kooora.com,17,2,0,0,,4.333333333333333,4.5,10
-1,0,3,3313,0,10,http://repubblica.it,0,0,10,1,repubblica.it,20,2,0,0,,5.333333333333333,6.0,13
-1,0,3,-1,0,6,http://target.com,0,0,6,1,target.com,17,2,0,0,,4.333333333333333,4.5,10
-1,0,3,24560,0,7,http://bestbuy.com,0,0,7,1,bestbuy.com,18,2,0,0,,4.666666666666667,5.0,11
-1,0,3,-1,0,9,http://linkbucks.com,0,0,9,1,linkbucks.com,20,2,0,0,,5.333333333333333,6.0,13
-1,0,3,15169,0,6,http://google.cz,0,0,6,1,google.cz,16,2,0,0,,4.0,4.0,9
-1,0,3,39572,0,4,http://beeg.com,0,0,4,1,beeg.com,15,2,0,0,,3.6666666666666665,3.5,8
-1,0,3,-1,0,11,http://istockphoto.com,0,0,11,1,istockphoto.com,22,2,0,0,,6.0,7.0,15
-1,0,3,-1,0,8,http://upworthy.com,0,0,8,1,upworthy.com,19,2,0,0,,5.0,5.5,12
-1,0,3,14618,0,4,http://nih.gov,0,0,3,1,nih.gov,14,2,0,0,,3.3333333333333335,3.0,7
-1,0,3,4134,0,6,http://chinaz.com,0,0,6,1,chinaz.com,17,2,0,0,,4.333333333333333,4.5,10
-1,0,3,-1,0,10,http://motherless.com,0,0,10,1,motherless.com,21,2,0,0,,5.666666666666667,6.5,14
-1,0,4,4808,0,4,http://zol.com.cn,0,0,3,2,zol.com.cn,17,3,0,0,,3.0,2.6666666666666665,10
-1,0,3,11643,0,4,http://ebay.in,0,0,4,1,ebay.in,14,2,0,0,,3.3333333333333335,3.0,7
-1,0,3,-1,0,9,http://speedtest.net,0,0,9,1,speedtest.net,20,2,0,0,,5.333333333333333,6.0,13
-1,0,3,13768,0,10,http://techcrunch.com,0,0,10,1,techcrunch.com,21,2,0,0,,5.666666666666667,6.5,14
-1,0,3,-1,0,5,http://webmd.com,0,0,5,1,webmd.com,16,2,0,0,,4.0,4.0,9
-1,0,3,-1,0,6,http://joomla.org,0,0,6,1,joomla.org,17,2,0,0,,4.333333333333333,4.5,10
-1,0,3,15169,0,11,http://doubleclick.com,0,0,11,1,doubleclick.com,22,2,0,0,,6.0,7.0,15
-1,0,3,15169,0,8,http://blogspot.de,0,0,8,1,blogspot.de,18,2,0,0,,4.666666666666667,5.0,11
-1,0,3,4134,0,6,http://tianya.cn,0,0,6,1,tianya.cn,16,2,0,0,,4.0,4.0,9
-1,0,3,4808,0,9,http://xinhuanet.com,0,0,9,1,xinhuanet.com,20,2,0,0,,5.333333333333333,6.0,13
-1,0,3,-1,0,4,http://cnzz.com,0,0,4,1,cnzz.com,15,2,0,0,,3.6666666666666665,3.5,8
-1,0,3,11643,0,4,http://ebay.it,0,0,4,1,ebay.it,14,2,0,0,,3.3333333333333335,3.0,7
-1,0,4,14618,0,4,http://ig.com.br,0,0,3,2,ig.com.br,16,3,0,0,,2.75,2.3333333333333335,9
-1,0,3,3257,0,6,http://elpais.com,0,0,6,1,elpais.com,17,2,0,0,,4.333333333333333,4.5,10
-1,0,3,2914,0,15,http://americanexpress.com,0,0,15,1,americanexpress.com,26,2,0,0,,7.333333333333333,9.0,19
-1,0,3,-1,0,4,http://pof.com,0,0,3,1,pof.com,14,2,0,0,,3.3333333333333335,3.0,7
-1,0,3,3,0,4,http://w3.org,0,0,3,1,w3.org,13,2,0,0,,3.0,2.5,6
-1,0,3,21788,0,12,http://surveymonkey.com,0,0,12,1,surveymonkey.com,23,2,0,0,,6.333333333333333,7.5,16
-1,0,3,-1,0,5,http://odesk.com,0,0,5,1,odesk.com,16,2,0,0,,4.0,4.0,9
-1,0,3,-1,0,10,http://zippyshare.com,0,0,10,1,zippyshare.com,21,2,0,0,,5.666666666666667,6.5,14
-1,0,3,-1,0,6,http://4dsply.com,0,0,6,1,4dsply.com,17,2,0,0,,4.333333333333333,4.5,10
-1,0,4,11643,0,4,http://ebay.com.au,0,0,4,2,ebay.com.au,18,3,0,0,,3.25,3.0,11
-1,0,3,-1,0,8,http://snapdeal.com,0,0,8,1,snapdeal.com,19,2,0,0,,5.0,5.5,12
-1,0,3,-1,0,5,http://quora.com,0,0,5,1,quora.com,16,2,0,0,,4.0,4.0,9
-1,0,3,4837,0,4,http://so.com,0,0,3,1,so.com,13,2,0,0,,3.0,2.5,6
-1,0,3,1299,0,6,http://yandex.ua,0,0,6,1,yandex.ua,16,2,0,0,,4.0,4.0,9
-1,0,3,3356,0,5,http://optmd.com,0,0,5,1,optmd.com,16,2,0,0,,4.0,4.0,9
-1,0,3,-1,0,5,http://quikr.com,0,0,5,1,quikr.com,16,2,0,0,,4.0,4.0,9
-1,0,4,4808,0,4,http://xcar.com.cn,0,0,4,2,xcar.com.cn,18,3,0,0,,3.25,3.0,11
-1,0,3,-1,0,8,http://workercn.cn,0,0,8,1,workercn.cn,18,2,0,0,,4.666666666666667,5.0,11
-1,0,3,-1,0,4,http://p5w.net,0,0,3,1,p5w.net,14,2,0,0,,3.3333333333333335,3.0,7
-1,0,3,4837,0,4,http://jqw.com,0,0,3,1,jqw.com,14,2,0,0,,3.3333333333333335,3.0,7
-1,0,3,15169,0,6,http://google.no,0,0,6,1,google.no,16,2,0,0,,4.0,4.0,9
-1,0,3,-1,0,5,http://tudou.com,0,0,5,1,tudou.com,16,2,0,0,,4.0,4.0,9
-1,0,3,6623,0,9,http://cbssports.com,0,0,9,1,cbssports.com,20,2,0,0,,5.333333333333333,6.0,13
-1,0,4,15169,0,6,http://google.com.my,0,0,6,2,google.com.my,20,3,0,0,,3.75,3.6666666666666665,13
-1,0,3,-1,0,7,http://tinyurl.com,0,0,7,1,tinyurl.com,18,2,0,0,,4.666666666666667,5.0,11
-1,0,3,-1,0,15,http://goodgamestudios.com,0,0,15,1,goodgamestudios.com,26,2,0,0,,7.333333333333333,9.0,19
-1,0,3,-1,0,12,http://drudgereport.com,0,0,12,1,drudgereport.com,23,2,0,0,,6.333333333333333,7.5,16
-1,0,3,-1,0,6,http://feedly.com,0,0,6,1,feedly.com,17,2,0,0,,4.333333333333333,4.5,10
-1,0,3,31377,0,7,http://groupon.com,0,0,7,1,groupon.com,18,2,0,0,,4.666666666666667,5.0,11
-1,0,4,15169,0,6,http://google.co.hu,0,0,6,2,google.co.hu,19,3,0,0,,3.5,3.3333333333333335,12
-1,0,3,-1,0,4,http://webs.com,0,0,4,1,webs.com,15,2,0,0,,3.6666666666666665,3.5,8
-1,0,3,-1,0,8,http://ad6media.fr,0,0,8,1,ad6media.fr,18,2,0,0,,4.666666666666667,5.0,11
-1,0,3,24482,0,5,http://123rf.com,0,0,5,1,123rf.com,16,2,0,0,,4.0,4.0,9
-1,0,3,15169,0,6,http://google.ae,0,0,6,1,google.ae,16,2,0,0,,4.0,4.0,9
-1,0,3,197068,0,9,http://habrahabr.ru,0,0,9,1,habrahabr.ru,19,2,0,0,,5.0,5.5,12
-1,0,3,797,0,4,http://att.com,0,0,3,1,att.com,14,2,0,0,,3.3333333333333335,3.0,7
-1,0,3,-1,0,6,http://twitch.tv,0,0,6,1,twitch.tv,16,2,0,0,,4.0,4.0,9
-1,0,3,15169,0,6,http://google.ie,0,0,6,1,google.ie,16,2,0,0,,4.0,4.0,9
-1,0,3,-1,0,6,http://tagged.com,0,0,6,1,tagged.com,17,2,0,0,,4.333333333333333,4.5,10
-1,0,3,-1,0,13,http://blackhatworld.com,0,0,13,1,blackhatworld.com,24,2,0,0,,6.666666666666667,8.0,17
-1,0,3,-1,0,8,http://hdfcbank.com,0,0,8,1,hdfcbank.com,19,2,0,0,,5.0,5.5,12
-1,0,3,-1,0,11,http://getresponse.com,0,0,11,1,getresponse.com,22,2,0,0,,6.0,7.0,15
-1,0,3,3614,0,4,http://dell.com,0,0,4,1,dell.com,15,2,0,0,,3.6666666666666665,3.5,8
-1,0,3,-1,0,4,http://mlb.com,0,0,3,1,mlb.com,14,2,0,0,,3.3333333333333335,3.0,7
-1,0,3,-1,0,11,http://trafficunit.in,0,0,11,1,trafficunit.in,21,2,0,0,,5.666666666666667,6.5,14
-1,0,3,19071,0,5,http://match.com,0,0,5,1,match.com,16,2,0,0,,4.0,4.0,9
-1,0,3,-1,0,10,http://freelancer.com,0,0,10,1,freelancer.com,21,2,0,0,,5.666666666666667,6.5,14
-1,0,3,-1,0,6,http://kakaku.com,0,0,6,1,kakaku.com,17,2,0,0,,4.333333333333333,4.5,10
-1,0,3,8535,0,6,http://gazeta.pl,0,0,6,1,gazeta.pl,16,2,0,0,,4.0,4.0,9
-1,0,3,-1,0,7,http://elmundo.es,0,0,7,1,elmundo.es,17,2,0,0,,4.333333333333333,4.5,10
-1,0,3,15169,0,4,http://goo.gl,0,0,3,1,goo.gl,13,2,0,0,,3.0,2.5,6
-1,0,4,6805,0,6,http://t-online.de,0,0,6,1,t-online.de,18,3,0,0,,3.25,3.0,11
-1,0,3,-1,0,9,http://clixsense.com,0,0,9,1,clixsense.com,20,2,0,0,,5.333333333333333,6.0,13
-1,0,3,41471,0,4,http://twoo.com,0,0,4,1,twoo.com,15,2,0,0,,3.6666666666666665,3.5,8
-1,0,4,40260,0,5,http://terra.com.br,0,0,5,2,terra.com.br,19,3,0,0,,3.5,3.3333333333333335,12
-1,0,4,-1,0,7,http://abcnews.go.com,0,0,7,2,abcnews.go.com,21,3,0,0,,4.0,4.0,14
-1,0,4,15169,0,6,http://google.co.kr,0,0,6,2,google.co.kr,19,3,0,0,,3.5,3.3333333333333335,12
-1,0,3,-1,0,7,http://zendesk.com,0,0,7,1,zendesk.com,18,2,0,0,,4.666666666666667,5.0,11
-1,0,3,43037,0,6,http://seznam.cz,0,0,6,1,seznam.cz,16,2,0,0,,4.0,4.0,9
-1,0,3,50098,0,10,http://rapidgator.net,0,0,10,1,rapidgator.net,21,2,0,0,,5.666666666666667,6.5,14
-1,0,3,-1,0,7,http://uimserv.net,0,0,7,1,uimserv.net,18,2,0,0,,4.666666666666667,5.0,11
-1,0,3,-1,0,4,http://rt.com,0,0,3,1,rt.com,13,2,0,0,,3.0,2.5,6
-1,0,3,-1,0,4,http://eyny.com,0,0,4,1,eyny.com,15,2,0,0,,3.6666666666666665,3.5,8
-1,0,4,2635,0,5,http://abril.com.br,0,0,5,2,abril.com.br,19,3,0,0,,3.5,3.3333333333333335,12
-1,0,3,10013,0,5,http://ameba.jp,0,0,5,1,ameba.jp,15,2,0,0,,3.6666666666666665,3.5,8
-1,0,3,-1,0,15,http://microsoftonline.com,0,0,15,1,microsoftonline.com,26,2,0,0,,7.333333333333333,9.0,19
-1,0,3,38895,0,6,http://naukri.com,0,0,6,1,naukri.com,17,2,0,0,,4.333333333333333,4.5,10
-1,0,3,15169,0,8,http://blogspot.fr,0,0,8,1,blogspot.fr,18,2,0,0,,4.666666666666667,5.0,11
-1,0,3,-1,0,8,http://clicksor.com,0,0,8,1,clicksor.com,19,2,0,0,,5.0,5.5,12
-1,0,3,4847,0,4,http://39.net,0,0,3,1,39.net,13,2,0,0,,3.0,2.5,6
-1,0,3,-1,0,4,http://time.com,0,0,4,1,time.com,15,2,0,0,,3.6666666666666665,3.5,8
-1,0,3,15169,0,6,http://google.dk,0,0,6,1,google.dk,16,2,0,0,,4.0,4.0,9
-1,0,3,-1,0,5,http://force.com,0,0,5,1,force.com,16,2,0,0,,4.0,4.0,9
-1,0,3,-1,0,10,http://webcrawler.com,0,0,10,1,webcrawler.com,21,2,0,0,,5.666666666666667,6.5,14
-1,0,3,-1,0,7,http://intoday.in,0,0,7,1,intoday.in,17,2,0,0,,4.333333333333333,4.5,10
-1,0,3,13535,0,4,http://ning.com,0,0,4,1,ning.com,15,2,0,0,,3.6666666666666665,3.5,8
-1,0,3,-1,0,5,http://ck101.com,0,0,5,1,ck101.com,16,2,0,0,,4.0,4.0,9
-1,0,3,-1,0,8,http://corriere.it,0,0,8,1,corriere.it,18,2,0,0,,4.666666666666667,5.0,11
-1,0,3,15169,0,6,http://google.az,0,0,6,1,google.az,16,2,0,0,,4.0,4.0,9
-1,0,3,16509,0,7,http://latimes.com,0,0,7,1,latimes.com,18,2,0,0,,4.666666666666667,5.0,11
-1,0,4,4134,0,6,http://pcbaby.com.cn,0,0,6,2,pcbaby.com.cn,20,3,0,0,,3.75,3.6666666666666665,13
-1,0,3,-1,0,5,http://jimdo.com,0,0,5,1,jimdo.com,16,2,0,0,,4.0,4.0,9
-1,0,3,-1,0,10,http://cloudfront.net,0,0,10,1,cloudfront.net,21,2,0,0,,5.666666666666667,6.5,14
-1,0,3,-1,0,6,http://elance.com,0,0,6,1,elance.com,17,2,0,0,,4.333333333333333,4.5,10
-1,0,3,26496,0,5,http://likes.com,0,0,5,1,likes.com,16,2,0,0,,4.0,4.0,9
-1,0,3,-1,0,7,http://typepad.com,0,0,7,1,typepad.com,18,2,0,0,,4.666666666666667,5.0,11
-1,0,3,-1,0,8,http://webmoney.ru,0,0,8,1,webmoney.ru,18,2,0,0,,4.666666666666667,5.0,11
-1,0,4,14782,0,6,http://list-manage.com,0,0,6,1,list-manage.com,22,3,0,0,,4.25,4.333333333333333,15
-1,0,3,-1,0,10,http://capitalone.com,0,0,10,1,capitalone.com,21,2,0,0,,5.666666666666667,6.5,14
-1,0,3,-1,0,4,http://pch.com,0,0,3,1,pch.com,14,2,0,0,,3.3333333333333335,3.0,7
-1,0,3,-1,0,17,http://adultfriendfinder.com,0,0,17,1,adultfriendfinder.com,28,2,0,0,,8.0,10.0,21
-1,0,3,-1,0,5,http://youm7.com,0,0,5,1,youm7.com,16,2,0,0,,4.0,4.0,9
-1,0,3,43311,0,15,http://commentcamarche.net,0,0,15,1,commentcamarche.net,26,2,0,0,,7.333333333333333,9.0,19
-1,0,3,-1,0,5,http://fbcdn.net,0,0,5,1,fbcdn.net,16,2,0,0,,4.0,4.0,9
-1,0,4,15169,0,6,http://google.co.il,0,0,6,2,google.co.il,19,3,0,0,,3.5,3.3333333333333335,12
-1,0,3,-1,0,4,http://58.com,0,0,3,1,58.com,13,2,0,0,,3.0,2.5,6
-1,0,3,20940,0,11,http://retailmenot.com,0,0,11,1,retailmenot.com,22,2,0,0,,6.0,7.0,15
-1,0,3,40034,0,10,http://hypergames.net,0,0,10,1,hypergames.net,21,2,0,0,,5.666666666666667,6.5,14
-1,0,3,13909,0,8,http://liveleak.com,0,0,8,1,liveleak.com,19,2,0,0,,5.0,5.5,12
-1,0,3,-1,0,7,http://lemonde.fr,0,0,7,1,lemonde.fr,17,2,0,0,,4.333333333333333,4.5,10
-1,0,3,16276,0,8,http://exoclick.com,0,0,8,1,exoclick.com,19,2,0,0,,5.0,5.5,12
-1,0,3,2914,0,4,http://java.com,0,0,4,1,java.com,15,2,0,0,,3.6666666666666665,3.5,8
-1,0,3,237,0,9,http://livescore.com,0,0,9,1,livescore.com,20,2,0,0,,5.333333333333333,6.0,13
-1,0,3,-1,0,10,http://foursquare.com,0,0,10,1,foursquare.com,21,2,0,0,,5.666666666666667,6.5,14
-1,0,4,-1,0,4,http://xgo.com.cn,0,0,3,2,xgo.com.cn,17,3,0,0,,3.0,2.6666666666666665,10
-1,0,3,9121,0,10,http://sahibinden.com,0,0,10,1,sahibinden.com,21,2,0,0,,5.666666666666667,6.5,14
-1,0,3,3,0,7,http://isohunt.com,0,0,7,1,isohunt.com,18,2,0,0,,4.666666666666667,5.0,11
-1,0,3,-1,0,7,http://okcupid.com,0,0,7,1,okcupid.com,18,2,0,0,,4.666666666666667,5.0,11
-1,0,3,32491,0,10,http://m2newmedia.com,0,0,10,1,m2newmedia.com,21,2,0,0,,5.666666666666667,6.5,14
-1,0,3,-1,0,10,http://chaturbate.com,0,0,10,1,chaturbate.com,21,2,0,0,,5.666666666666667,6.5,14
-1,0,3,-1,0,8,http://doorblog.jp,0,0,8,1,doorblog.jp,18,2,0,0,,4.666666666666667,5.0,11
-1,0,3,18182,0,7,http://ettoday.net,0,0,7,1,ettoday.net,18,2,0,0,,4.666666666666667,5.0,11
-1,0,4,-1,0,10,http://xda-developers.com,0,0,10,1,xda-developers.com,25,3,0,0,,5.0,5.333333333333333,18
-1,0,3,-1,0,6,http://lenovo.com,0,0,6,1,lenovo.com,17,2,0,0,,4.333333333333333,4.5,10
-1,0,3,50032,0,7,http://fotolia.com,0,0,7,1,fotolia.com,18,2,0,0,,4.666666666666667,5.0,11
-1,0,3,56173,0,8,http://engadget.com,0,0,8,1,engadget.com,19,2,0,0,,5.0,5.5,12
-1,0,3,-1,0,7,http://semrush.com,0,0,7,1,semrush.com,18,2,0,0,,4.666666666666667,5.0,11
-1,0,3,558,0,10,http://doublepimp.com,0,0,10,1,doublepimp.com,21,2,0,0,,5.666666666666667,6.5,14
-1,0,3,-1,0,6,http://shaadi.com,0,0,6,1,shaadi.com,17,2,0,0,,4.333333333333333,4.5,10
-1,0,3,-1,0,11,http://nydailynews.com,0,0,11,1,nydailynews.com,22,2,0,0,,6.0,7.0,15
-1,0,3,13331,0,10,http://myfreecams.com,0,0,10,1,myfreecams.com,21,2,0,0,,5.666666666666667,6.5,14
-1,0,3,-1,0,4,http://digg.com,0,0,4,1,digg.com,15,2,0,0,,3.6666666666666665,3.5,8
-1,0,3,35415,0,7,http://drtuber.com,0,0,7,1,drtuber.com,18,2,0,0,,4.666666666666667,5.0,11
-1,0,3,12079,0,15,http://verizonwireless.com,0,0,15,1,verizonwireless.com,26,2,0,0,,7.333333333333333,9.0,19
-1,0,4,7132,0,12,http://mercadolibre.com.ar,0,0,12,2,mercadolibre.com.ar,26,3,0,0,,5.25,5.666666666666667,19
-1,0,3,-1,0,5,http://issuu.com,0,0,5,1,issuu.com,16,2,0,0,,4.0,4.0,9
-1,0,3,20093,0,9,http://swagbucks.com,0,0,9,1,swagbucks.com,20,2,0,0,,5.333333333333333,6.0,13
-1,0,3,39134,0,13,http://searchengines.ru,0,0,13,1,searchengines.ru,23,2,0,0,,6.333333333333333,7.5,16
-1,0,3,50214,0,4,http://sape.ru,0,0,4,1,sape.ru,14,2,0,0,,3.3333333333333335,3.0,7
-1,0,3,8075,0,6,http://snapdo.com,0,0,6,1,snapdo.com,17,2,0,0,,4.333333333333333,4.5,10
-1,0,3,-1,0,7,http://expedia.com,0,0,7,1,expedia.com,18,2,0,0,,4.666666666666667,5.0,11
-1,0,3,45894,0,9,http://vnexpress.net,0,0,9,1,vnexpress.net,20,2,0,0,,5.333333333333333,6.0,13
-1,0,3,199420,0,5,http://narod.ru,0,0,5,1,narod.ru,15,2,0,0,,3.6666666666666665,3.5,8
-1,0,3,19024,0,5,http://taleo.net,0,0,5,1,taleo.net,16,2,0,0,,4.0,4.0,9
-1,0,3,-1,0,12,http://bodybuilding.com,0,0,12,1,bodybuilding.com,23,2,0,0,,6.333333333333333,7.5,16
-1,0,3,17436,0,9,http://icicibank.com,0,0,9,1,icicibank.com,20,2,0,0,,5.333333333333333,6.0,13
-1,0,3,13333,0,8,http://backpage.com,0,0,8,1,backpage.com,19,2,0,0,,5.0,5.5,12
-1,0,3,4812,0,5,http://iqiyi.com,0,0,5,1,iqiyi.com,16,2,0,0,,4.0,4.0,9
-1,0,3,12337,0,9,http://gutefrage.net,0,0,9,1,gutefrage.net,20,2,0,0,,5.333333333333333,6.0,13
-1,0,3,-1,0,6,http://amazon.it,0,0,6,1,amazon.it,16,2,0,0,,4.0,4.0,9
-1,0,3,-1,0,8,http://baomihua.com,0,0,8,1,baomihua.com,19,2,0,0,,5.0,5.5,12
-1,0,3,-1,0,7,http://hubspot.com,0,0,7,1,hubspot.com,18,2,0,0,,4.666666666666667,5.0,11
-1,0,3,-1,0,4,http://tmz.com,0,0,3,1,tmz.com,14,2,0,0,,3.3333333333333335,3.0,7
-1,0,3,11643,0,4,http://ebay.fr,0,0,4,1,ebay.fr,14,2,0,0,,3.3333333333333335,3.0,7
-1,0,3,47846,0,5,http://tlbb8.com,0,0,5,1,tlbb8.com,16,2,0,0,,4.0,4.0,9
-1,0,3,-1,0,10,http://eventbrite.com,0,0,10,1,eventbrite.com,21,2,0,0,,5.666666666666667,6.5,14
-1,0,3,-1,0,10,http://shareasale.com,0,0,10,1,shareasale.com,21,2,0,0,,5.666666666666667,6.5,14
-1,0,3,38244,0,4,http://zing.vn,0,0,4,1,zing.vn,14,2,0,0,,3.3333333333333335,3.0,7
-1,0,4,20940,0,4,http://news.com.au,0,0,4,2,news.com.au,18,3,0,0,,3.25,3.0,11
-1,0,3,-1,0,4,http://who.is,0,0,3,1,who.is,13,2,0,0,,3.0,2.5,6
-1,0,3,-1,0,6,http://xunlei.com,0,0,6,1,xunlei.com,17,2,0,0,,4.333333333333333,4.5,10
-1,0,3,41552,0,6,http://kijiji.ca,0,0,6,1,kijiji.ca,16,2,0,0,,4.0,4.0,9
-1,0,3,16815,0,11,http://gotomeeting.com,0,0,11,1,gotomeeting.com,22,2,0,0,,6.0,7.0,15
-1,0,3,-1,0,10,http://lifehacker.com,0,0,10,1,lifehacker.com,21,2,0,0,,5.666666666666667,6.5,14
-1,0,3,794,0,6,http://oracle.com,0,0,6,1,oracle.com,17,2,0,0,,4.333333333333333,4.5,10
-1,0,3,24638,0,5,http://lenta.ru,0,0,5,1,lenta.ru,15,2,0,0,,3.6666666666666665,3.5,8
-1,0,3,-1,0,11,http://kickstarter.com,0,0,11,1,kickstarter.com,22,2,0,0,,6.0,7.0,15
-1,0,3,-1,0,8,http://subscene.com,0,0,8,1,subscene.com,19,2,0,0,,5.0,5.5,12
-1,0,3,237,0,9,http://homedepot.com,0,0,9,1,homedepot.com,20,2,0,0,,5.333333333333333,6.0,13
-1,0,4,16509,0,6,http://hatena.ne.jp,0,0,6,2,hatena.ne.jp,19,3,0,0,,3.5,3.3333333333333335,12
-1,0,3,30186,0,9,http://namecheap.com,0,0,9,1,namecheap.com,20,2,0,0,,5.333333333333333,6.0,13
-1,0,3,-1,0,6,http://gawker.com,0,0,6,1,gawker.com,17,2,0,0,,4.333333333333333,4.5,10
-1,0,3,15169,0,8,http://blogspot.ru,0,0,8,1,blogspot.ru,18,2,0,0,,4.666666666666667,5.0,11
-1,0,3,-1,0,7,http://bhaskar.com,0,0,7,1,bhaskar.com,18,2,0,0,,4.666666666666667,5.0,11
-1,0,3,31377,0,11,http://accuweather.com,0,0,11,1,accuweather.com,22,2,0,0,,6.0,7.0,15
-1,0,3,-1,0,8,http://justdial.com,0,0,8,1,justdial.com,19,2,0,0,,5.0,5.5,12
-1,0,4,2635,0,9,http://en.wordpress.com,0,0,9,2,en.wordpress.com,23,3,0,0,,4.5,4.666666666666667,16
-1,0,3,-1,0,6,http://github.io,0,0,6,1,github.io,16,2,0,0,,4.0,4.0,9
-1,0,3,24940,0,10,http://altervista.org,0,0,10,1,altervista.org,21,2,0,0,,5.666666666666667,6.5,14
-1,0,3,-1,0,4,http://soku.com,0,0,4,1,soku.com,15,2,0,0,,3.6666666666666665,3.5,8
-1,0,3,47622,0,11,http://majesticseo.com,0,0,11,1,majesticseo.com,22,2,0,0,,6.0,7.0,15
-1,0,3,3320,0,4,http://chip.de,0,0,4,1,chip.de,14,2,0,0,,3.3333333333333335,3.0,7
-1,0,3,20848,0,4,http://rbc.ru,0,0,3,1,rbc.ru,13,2,0,0,,3.0,2.5,6
-1,0,3,47846,0,6,http://probux.com,0,0,6,1,probux.com,17,2,0,0,,4.333333333333333,4.5,10
-1,0,3,-1,0,8,http://theblaze.com,0,0,8,1,theblaze.com,19,2,0,0,,5.0,5.5,12
-1,0,3,35237,0,8,http://sberbank.ru,0,0,8,1,sberbank.ru,18,2,0,0,,4.666666666666667,5.0,11
-1,0,3,8839,0,8,http://lefigaro.fr,0,0,8,1,lefigaro.fr,18,2,0,0,,4.666666666666667,5.0,11
-1,0,3,-1,0,4,http://6.cn,0,0,2,1,6.cn,11,2,0,0,,2.3333333333333335,1.5,4
-1,0,3,15169,0,6,http://google.sk,0,0,6,1,google.sk,16,2,0,0,,4.0,4.0,9
-1,0,3,-1,0,7,http://gizmodo.com,0,0,7,1,gizmodo.com,18,2,0,0,,4.666666666666667,5.0,11
-1,0,3,59441,0,9,http://mihanblog.com,0,0,9,1,mihanblog.com,20,2,0,0,,5.333333333333333,6.0,13
-1,0,3,7859,0,11,http://timeanddate.com,0,0,11,1,timeanddate.com,22,2,0,0,,6.0,7.0,15
-1,0,3,-1,0,6,http://amazon.cn,0,0,6,1,amazon.cn,16,2,0,0,,4.0,4.0,9
-1,0,3,3257,0,6,http://newegg.com,0,0,6,1,newegg.com,17,2,0,0,,4.333333333333333,4.5,10
-1,0,3,-1,0,6,http://trulia.com,0,0,6,1,trulia.com,17,2,0,0,,4.333333333333333,4.5,10
-1,0,3,10694,0,7,http://monster.com,0,0,7,1,monster.com,18,2,0,0,,4.666666666666667,5.0,11
-1,0,3,-1,0,16,http://opensiteexplorer.org,0,0,16,1,opensiteexplorer.org,27,2,0,0,,7.666666666666667,9.5,20
-1,0,3,32748,0,5,http://amung.us,0,0,5,1,amung.us,15,2,0,0,,3.6666666666666665,3.5,8
-1,0,3,55825,0,6,http://kompas.com,0,0,6,1,kompas.com,17,2,0,0,,4.333333333333333,4.5,10
-1,0,3,37963,0,6,http://yxlady.com,0,0,6,1,yxlady.com,17,2,0,0,,4.333333333333333,4.5,10
-1,0,3,-1,0,4,http://2ch.net,0,0,3,1,2ch.net,14,2,0,0,,3.3333333333333335,3.0,7
-1,0,3,13238,0,4,http://ya.ru,0,0,2,1,ya.ru,12,2,0,0,,2.6666666666666665,2.0,5
-1,0,3,-1,0,8,http://hubpages.com,0,0,8,1,hubpages.com,19,2,0,0,,5.0,5.5,12
-1,0,3,13238,0,9,http://kinopoisk.ru,0,0,9,1,kinopoisk.ru,19,2,0,0,,5.0,5.5,12
-1,0,3,-1,0,12,http://citrixonline.com,0,0,12,1,citrixonline.com,23,2,0,0,,6.333333333333333,7.5,16
-1,0,3,237,0,9,http://foxsports.com,0,0,9,1,foxsports.com,20,2,0,0,,5.333333333333333,6.0,13
-1,0,3,-1,0,9,http://onlinesbi.com,0,0,9,1,onlinesbi.com,20,2,0,0,,5.333333333333333,6.0,13
-1,0,3,-1,0,5,http://wired.com,0,0,5,1,wired.com,16,2,0,0,,4.0,4.0,9
-1,0,3,2856,0,6,http://battle.net,0,0,6,1,battle.net,17,2,0,0,,4.333333333333333,4.5,10
-1,0,3,14907,0,10,http://wiktionary.org,0,0,10,1,wiktionary.org,21,2,0,0,,5.666666666666667,6.5,14
-1,0,3,4812,0,7,http://eastday.com,0,0,7,1,eastday.com,18,2,0,0,,4.666666666666667,5.0,11
-1,0,3,-1,0,8,http://oneindia.in,0,0,8,1,oneindia.in,18,2,0,0,,4.666666666666667,5.0,11
-1,0,3,-1,0,12,http://steampowered.com,0,0,12,1,steampowered.com,23,2,0,0,,6.333333333333333,7.5,16
-1,0,3,-1,0,15,http://templatemonster.com,0,0,15,1,templatemonster.com,26,2,0,0,,7.333333333333333,9.0,19
-1,0,3,-1,0,11,http://marketwatch.com,0,0,11,1,marketwatch.com,22,2,0,0,,6.0,7.0,15
-1,0,4,-1,0,12,http://mercadolibre.com.mx,0,0,12,2,mercadolibre.com.mx,26,3,0,0,,5.25,5.666666666666667,19
-1,0,3,-1,0,6,http://jquery.com,0,0,6,1,jquery.com,17,2,0,0,,4.333333333333333,4.5,10
-1,0,3,17439,0,12,http://moneycontrol.com,0,0,12,1,moneycontrol.com,23,2,0,0,,6.333333333333333,7.5,16
-1,0,3,31377,0,6,http://jabong.com,0,0,6,1,jabong.com,17,2,0,0,,4.333333333333333,4.5,10
-1,0,3,44609,0,8,http://farsnews.com,0,0,8,1,farsnews.com,19,2,0,0,,5.0,5.5,12
-1,0,3,-1,0,7,http://traidnt.net,0,0,7,1,traidnt.net,18,2,0,0,,4.666666666666667,5.0,11
-1,1,3,-1,0,13,http://wissensbilanz.ch,0,0,13,1,wissensbilanz.ch,23,2,0,0,,6.333333333333333,7.5,16
-1,1,4,28604,0,14,http://larafabiannews.kit.net,0,0,14,2,larafabiannews.kit.net,29,3,0,0,,6.0,6.666666666666667,22
-1,1,3,-1,0,10,http://manavgatim.net,0,0,10,1,manavgatim.net,21,2,0,0,,5.666666666666667,6.5,14
-1,1,4,2635,0,9,http://megasuits.wordpress.com,0,0,9,2,megasuits.wordpress.com,30,3,0,0,,6.25,7.0,23
-1,1,5,15169,0,8,http://mens-fashions.blogspot.com,0,0,8,2,mens-fashions.blogspot.com,33,4,0,0,,5.4,5.75,26
-1,1,6,15169,0,8,http://elegant-mens-apparel.blogspot.com,0,0,8,2,elegant-mens-apparel.blogspot.com,40,5,0,0,,5.5,5.8,33
-1,1,3,12876,0,7,http://fondane.eu,0,0,7,1,fondane.eu,17,2,0,0,,4.333333333333333,4.5,10
-1,1,3,36236,0,7,http://blogven.net,0,0,7,1,blogven.net,18,2,0,0,,4.666666666666667,5.0,11
-1,1,3,2118,0,8,http://sexoroid.com,0,0,8,1,sexoroid.com,19,2,0,0,,5.0,5.5,12
-1,1,3,3352,0,12,http://hotelslloret.com,0,0,12,1,hotelslloret.com,23,2,0,0,,6.333333333333333,7.5,16
-1,1,3,20676,0,10,http://corluhaber.com,0,0,10,1,corluhaber.com,21,2,0,0,,5.666666666666667,6.5,14
-1,1,3,-1,0,18,http://labottegadimartone.it,0,0,18,1,labottegadimartone.it,28,2,0,0,,8.0,10.0,21
-1,1,3,-1,0,12,http://stilnakliyat.com,0,0,12,1,stilnakliyat.com,23,2,0,0,,6.333333333333333,7.5,16
-1,1,3,-1,0,8,http://idiomfox.com,0,0,8,1,idiomfox.com,19,2,0,0,,5.0,5.5,12
-1,1,4,3561,0,15,http://shadyrunstudios.tripod.com,0,0,15,2,shadyrunstudios.tripod.com,33,3,0,0,,7.0,8.0,26
-1,1,5,-1,0,4,http://in-grid.com.pl,0,0,4,2,in-grid.com.pl,21,4,0,0,,3.0,2.75,14
-1,1,4,-1,0,7,http://morandi.one.pl,0,0,7,2,morandi.one.pl,21,3,0,0,,4.0,4.0,14
-1,1,4,-1,0,7,http://cascada.xt.pl,0,0,7,2,cascada.xt.pl,20,3,0,0,,3.75,3.6666666666666665,13
-1,1,4,12824,0,6,http://ingrid.wot.pl,0,0,6,2,ingrid.wot.pl,20,3,0,0,,3.75,3.6666666666666665,13
-1,1,5,-1,0,4,http://in-grid.xt.pl,0,0,4,2,in-grid.xt.pl,20,4,0,0,,2.8,2.5,13
-1,1,3,24940,0,14,http://mardelbuscador.com,0,0,14,1,mardelbuscador.com,25,2,0,0,,7.0,8.5,18
-1,1,6,15169,0,8,http://super-masini-tuning.blogspot.com,0,0,8,2,super-masini-tuning.blogspot.com,39,5,0,0,,5.333333333333333,5.6,32
-1,1,3,-1,0,9,http://ramabeach.com,0,0,9,1,ramabeach.com,20,2,0,0,,5.333333333333333,6.0,13
-1,1,3,30496,0,8,http://zambales.ph,0,0,8,1,zambales.ph,18,2,0,0,,4.666666666666667,5.0,11
-1,1,3,26496,0,20,http://antoniocarlosmachado.com,0,0,20,1,antoniocarlosmachado.com,31,2,0,0,,9.0,11.5,24
-1,1,3,14778,0,5,http://ciaux.com,0,0,5,1,ciaux.com,16,2,0,0,,4.0,4.0,9
-1,1,3,-1,0,4,http://guia.com,0,0,4,1,guia.com,15,2,0,0,,3.6666666666666665,3.5,8
-1,1,3,26496,0,13,http://guidesaopaulo.com,0,0,13,1,guidesaopaulo.com,24,2,0,0,,6.666666666666667,8.0,17
-1,1,3,26496,0,11,http://iberovision.com,0,0,11,1,iberovision.com,22,2,0,0,,6.0,7.0,15
-1,1,3,26496,0,10,http://leamachado.com,0,0,10,1,leamachado.com,21,2,0,0,,5.666666666666667,6.5,14
-1,1,3,26496,0,11,http://negocioreal.net,0,0,11,1,negocioreal.net,22,2,0,0,,6.0,7.0,15
-1,1,3,26496,0,11,http://netsaopaulo.com,0,0,11,1,netsaopaulo.com,22,2,0,0,,6.0,7.0,15
-1,1,3,26496,0,14,http://portalsaopaulo.com,0,0,14,1,portalsaopaulo.com,25,2,0,0,,7.0,8.5,18
-1,1,3,26496,0,12,http://premiumflats.com,0,0,12,1,premiumflats.com,23,2,0,0,,6.333333333333333,7.5,16
-1,1,3,-1,0,8,http://saopaulo.com,0,0,8,1,saopaulo.com,19,2,0,0,,5.0,5.5,12
-1,1,3,47846,0,7,http://taubate.com,0,0,7,1,taubate.com,18,2,0,0,,4.666666666666667,5.0,11
-1,1,3,43636,0,11,http://nutshellurl.com,0,0,11,1,nutshellurl.com,22,2,0,0,,6.0,7.0,15
-1,1,3,-1,0,4,http://cjb.net,0,0,3,1,cjb.net,14,2,0,0,,3.3333333333333335,3.0,7
-1,1,3,13768,0,4,http://uni.cc,0,0,3,1,uni.cc,13,2,0,0,,3.0,2.5,6
-1,1,3,-1,0,4,http://vai.la,0,0,3,1,vai.la,13,2,0,0,,3.0,2.5,6
-1,1,4,44050,0,4,http://k6.com.br,0,0,3,2,k6.com.br,16,3,0,0,,2.75,2.3333333333333335,9
-1,1,3,-1,0,4,http://s9k.net,0,0,3,1,s9k.net,14,2,0,0,,3.3333333333333335,3.0,7
-1,1,3,-1,0,4,http://v3.com,0,0,3,1,v3.com,13,2,0,0,,3.0,2.5,6
-1,1,3,-1,0,4,http://cab8.net,0,0,4,1,cab8.net,15,2,0,0,,3.6666666666666665,3.5,8
-1,1,3,3491,0,4,http://rg3.net,0,0,3,1,rg3.net,14,2,0,0,,3.3333333333333335,3.0,7
-1,1,3,-1,0,4,http://rg9.net,0,0,3,1,rg9.net,14,2,0,0,,3.3333333333333335,3.0,7
-1,1,3,30496,0,4,http://rg10.net,0,0,4,1,rg10.net,15,2,0,0,,3.6666666666666665,3.5,8
-1,1,3,-1,0,4,http://br30.com,0,0,4,1,br30.com,15,2,0,0,,3.6666666666666665,3.5,8
-1,1,3,-1,0,15,http://midominiogratis.com,0,0,15,1,midominiogratis.com,26,2,0,0,,7.333333333333333,9.0,19
-1,1,3,44050,0,4,http://1br.net,0,0,3,1,1br.net,14,2,0,0,,3.3333333333333335,3.0,7
-1,1,3,-1,0,5,http://sitio.de,0,0,5,1,sitio.de,15,2,0,0,,3.6666666666666665,3.5,8
-1,1,3,21740,0,5,http://clic3.net,0,0,5,1,clic3.net,16,2,0,0,,4.0,4.0,9
-1,1,3,31122,0,4,http://url.ie,0,0,3,1,url.ie,13,2,0,0,,3.0,2.5,6
-1,1,3,28747,0,11,http://dunesdugolf.eu,0,0,11,1,dunesdugolf.eu,21,2,0,0,,5.666666666666667,6.5,14
-1,1,4,-1,0,5,http://avsam.com.tr,0,0,5,2,avsam.com.tr,19,3,0,0,,3.5,3.3333333333333335,12
-1,1,4,-1,0,9,http://avsaadasi.gen.tr,0,0,9,2,avsaadasi.gen.tr,23,3,0,0,,4.5,4.666666666666667,16
-1,1,3,-1,0,5,http://zoodl.com,0,0,5,1,zoodl.com,16,2,0,0,,4.0,4.0,9
-1,1,3,26496,0,4,http://abc1.eu,0,0,4,1,abc1.eu,14,2,0,0,,3.3333333333333335,3.0,7
-1,1,3,-1,0,9,http://article19.eu,0,0,9,1,article19.eu,19,2,0,0,,5.0,5.5,12
-1,1,3,-1,0,5,http://beira.us,0,0,5,1,beira.us,15,2,0,0,,3.6666666666666665,3.5,8
-1,1,3,-1,0,7,http://besides.tv,0,0,7,1,besides.tv,17,2,0,0,,4.333333333333333,4.5,10
-1,1,4,32613,0,9,http://blasphemy.asia.com,0,0,9,2,blasphemy.asia.com,25,3,0,0,,5.0,5.333333333333333,18
-1,1,4,32613,0,10,http://borderline.asia.com,0,0,10,2,borderline.asia.com,26,3,0,0,,5.25,5.666666666666667,19
-1,1,3,-1,0,8,http://buckhead.asia,0,0,8,1,buckhead.asia,20,2,0,0,,5.333333333333333,6.0,13
-1,1,3,-1,0,14,http://careerbuilding.net,0,0,14,1,careerbuilding.net,25,2,0,0,,7.0,8.5,18
-1,1,4,32613,0,11,http://centralasia.asia.com,0,0,11,2,centralasia.asia.com,27,3,0,0,,5.5,6.0,20
-1,1,3,47846,0,4,http://cepf.eu,0,0,4,1,cepf.eu,14,2,0,0,,3.3333333333333335,3.0,7
-1,1,3,12695,0,7,http://chinese.uz,0,0,7,1,chinese.uz,17,2,0,0,,4.333333333333333,4.5,10
-1,1,3,3292,0,9,http://clickpage.net,0,0,9,1,clickpage.net,20,2,0,0,,5.333333333333333,6.0,13
-1,1,3,26496,0,9,http://cnlhotels.com,0,0,9,1,cnlhotels.com,20,2,0,0,,5.333333333333333,6.0,13
-1,1,4,-1,0,8,http://discover-places.com,0,0,8,1,discover-places.com,26,3,0,0,,5.25,5.666666666666667,19
-1,1,5,32613,0,8,http://e-shopping.asia.com,0,0,8,2,e-shopping.asia.com,26,4,0,0,,4.0,4.0,19
-1,1,3,-1,0,5,http://emcef.eu,0,0,5,1,emcef.eu,15,2,0,0,,3.6666666666666665,3.5,8
-1,1,4,32613,0,9,http://emissions.asia.com,0,0,9,2,emissions.asia.com,25,3,0,0,,5.0,5.333333333333333,18
-1,1,3,-1,0,8,http://euromalt.eu,0,0,8,1,euromalt.eu,18,2,0,0,,4.666666666666667,5.0,11
-1,1,4,32613,0,9,http://exclusive.asia.com,0,0,9,2,exclusive.asia.com,25,3,0,0,,5.0,5.333333333333333,18
-1,1,3,26496,0,10,http://express247.com,0,0,10,1,express247.com,21,2,0,0,,5.666666666666667,6.5,14
-1,1,3,-1,0,7,http://fertile.mobi,0,0,7,1,fertile.mobi,19,2,0,0,,5.0,5.5,12
-1,1,3,-1,0,8,http://finished.tv,0,0,8,1,finished.tv,18,2,0,0,,4.666666666666667,5.0,11
-1,1,3,26496,0,7,http://gateway.us,0,0,7,1,gateway.us,17,2,0,0,,4.333333333333333,4.5,10
-1,1,3,23650,0,5,http://ggeat.com,0,0,5,1,ggeat.com,16,2,0,0,,4.0,4.0,9
-1,1,4,32613,0,6,http://glitch.asia.com,0,0,6,2,glitch.asia.com,22,3,0,0,,4.25,4.333333333333333,15
-1,1,3,237,0,10,http://holidaybug.com,0,0,10,1,holidaybug.com,21,2,0,0,,5.666666666666667,6.5,14
-1,1,3,-1,0,8,http://homesaid.com,0,0,8,1,homesaid.com,19,2,0,0,,5.0,5.5,12
-1,1,4,32613,0,7,http://hostile.asia.com,0,0,7,2,hostile.asia.com,23,3,0,0,,4.5,4.666666666666667,16
-1,1,3,-1,0,7,http://instore.net,0,0,7,1,instore.net,18,2,0,0,,4.666666666666667,5.0,11
-1,1,4,32613,0,6,http://karshi.asia.com,0,0,6,2,karshi.asia.com,22,3,0,0,,4.25,4.333333333333333,15
-1,1,4,32613,0,9,http://moonlight.asia.com,0,0,9,2,moonlight.asia.com,25,3,0,0,,5.0,5.333333333333333,18
-1,1,3,-1,0,8,http://namecout.com,0,0,8,1,namecout.com,19,2,0,0,,5.0,5.5,12
-1,1,3,-1,0,4,http://nbsp.us,0,0,4,1,nbsp.us,14,2,0,0,,3.3333333333333335,3.0,7
-1,1,3,-1,0,7,http://neither.tv,0,0,7,1,neither.tv,17,2,0,0,,4.333333333333333,4.5,10
-1,1,3,36476,0,17,http://newyorkrealestate.eu,0,0,17,1,newyorkrealestate.eu,27,2,0,0,,7.666666666666667,9.5,20
-1,1,3,32244,0,18,http://onlinecasinoreview.biz,0,0,18,1,onlinecasinoreview.biz,29,2,0,0,,8.333333333333334,10.5,22
-1,1,3,33695,0,11,http://parishilton.asia,0,0,11,1,parishilton.asia,23,2,0,0,,6.333333333333333,7.5,16
-1,1,3,26496,0,11,http://photosuites.com,0,0,11,1,photosuites.com,22,2,0,0,,6.0,7.0,15
-1,1,3,-1,0,5,http://pyzza.net,0,0,5,1,pyzza.net,16,2,0,0,,4.0,4.0,9
-1,1,3,26496,0,5,http://ratar.com,0,0,5,1,ratar.com,16,2,0,0,,4.0,4.0,9
-1,1,3,39570,0,4,http://sand.mobi,0,0,4,1,sand.mobi,16,2,0,0,,4.0,4.0,9
-1,1,4,32613,0,5,http://satte.asia.com,0,0,5,2,satte.asia.com,21,3,0,0,,4.0,4.0,14
-1,1,3,19324,0,5,http://seikh.com,0,0,5,1,seikh.com,16,2,0,0,,4.0,4.0,9
-1,1,3,47846,0,6,http://spread.mobi,0,0,6,1,spread.mobi,18,2,0,0,,4.666666666666667,5.0,11
-1,1,4,32613,0,4,http://stan.asia.com,0,0,4,2,stan.asia.com,20,3,0,0,,3.75,3.6666666666666665,13
-1,1,4,32613,0,7,http://striper.asia.com,0,0,7,2,striper.asia.com,23,3,0,0,,4.5,4.666666666666667,16
-1,1,3,-1,0,9,http://surprised.tv,0,0,9,1,surprised.tv,19,2,0,0,,5.0,5.5,12
-1,1,4,32613,0,4,http://swf.asia.com,0,0,4,2,swf.asia.com,19,3,0,0,,3.5,3.3333333333333335,12
-1,1,4,32613,0,8,http://terminus.asia.com,0,0,8,2,terminus.asia.com,24,3,0,0,,4.75,5.0,17
-1,1,3,-1,0,6,http://thinks.tv,0,0,6,1,thinks.tv,16,2,0,0,,4.0,4.0,9
-1,1,3,-1,0,12,http://turkmenistan.asia,0,0,12,1,turkmenistan.asia,24,2,0,0,,6.666666666666667,8.0,17
-1,1,3,43081,0,14,http://solomonislands.com,0,0,14,1,solomonislands.com,25,2,0,0,,7.0,8.5,18
-1,1,3,24940,0,5,http://world.info,0,0,5,1,world.info,17,2,0,0,,4.333333333333333,4.5,10
-1,1,3,14618,0,4,http://vvjz.com,0,0,4,1,vvjz.com,15,2,0,0,,3.6666666666666665,3.5,8
-1,1,3,237,0,10,http://wikiaction.com,0,0,10,1,wikiaction.com,21,2,0,0,,5.666666666666667,6.5,14
-1,1,3,-1,0,9,http://wondering.tv,0,0,9,1,wondering.tv,19,2,0,0,,5.0,5.5,12
-1,1,4,32613,0,5,http://yalta.asia.com,0,0,5,2,yalta.asia.com,21,3,0,0,,4.0,4.0,14
-1,1,3,26496,0,25,http://industrialstrengthstaging.com,0,0,25,1,industrialstrengthstaging.com,36,2,0,0,,10.666666666666666,14.0,29
-1,1,3,15003,0,9,http://gbcattani.com,0,0,9,1,gbcattani.com,20,2,0,0,,5.333333333333333,6.0,13
-1,1,3,-1,0,11,http://espadrilles.com,0,0,11,1,espadrilles.com,22,2,0,0,,6.0,7.0,15
-1,1,3,-1,0,7,http://easyurl.net,0,0,7,1,easyurl.net,18,2,0,0,,4.666666666666667,5.0,11
-1,1,4,15169,0,15,http://filminformation.blogspot.com,0,0,15,2,filminformation.blogspot.com,35,3,0,0,,7.5,8.666666666666666,28
-1,1,3,-1,0,4,http://w3t.org,0,0,3,1,w3t.org,14,2,0,0,,3.3333333333333335,3.0,7
-1,1,3,30266,0,6,http://alturl.com,0,0,6,1,alturl.com,17,2,0,0,,4.333333333333333,4.5,10
-1,1,3,30266,0,8,http://shorturl.com,0,0,8,1,shorturl.com,19,2,0,0,,5.0,5.5,12
-1,1,4,15244,0,12,http://russianworld.com.au,0,0,12,2,russianworld.com.au,26,3,0,0,,5.25,5.666666666666667,19
-1,1,4,15244,0,11,http://weatherpage.com.au,0,0,11,2,weatherpage.com.au,25,3,0,0,,5.0,5.333333333333333,18
-1,1,3,14618,0,8,http://tripleme.com,0,0,8,1,tripleme.com,19,2,0,0,,5.0,5.5,12
-1,1,4,-1,0,12,http://russianworld.co.nz,0,0,12,2,russianworld.co.nz,25,3,0,0,,5.0,5.333333333333333,18
-1,1,3,30186,0,17,http://russiannewzealand.com,0,0,17,1,russiannewzealand.com,28,2,0,0,,8.0,10.0,21
-1,1,4,15169,0,11,http://triplemecom.blogspot.com,0,0,11,2,triplemecom.blogspot.com,31,3,0,0,,6.5,7.333333333333333,24
-1,1,3,-1,0,16,http://peopleschocolate.com,0,0,16,1,peopleschocolate.com,27,2,0,0,,7.666666666666667,9.5,20
-1,1,3,47846,0,6,http://cwill1.com,0,0,6,1,cwill1.com,17,2,0,0,,4.333333333333333,4.5,10
-1,1,3,40034,0,8,http://josoleil.com,0,0,8,1,josoleil.com,19,2,0,0,,5.0,5.5,12
-1,1,3,26496,0,10,http://faucongris.com,0,0,10,1,faucongris.com,21,2,0,0,,5.666666666666667,6.5,14
-1,1,4,26496,0,6,http://grey-falcon.com,0,0,6,1,grey-falcon.com,22,3,0,0,,4.25,4.333333333333333,15
-1,1,3,40034,0,6,http://axebet.com,0,0,6,1,axebet.com,17,2,0,0,,4.333333333333333,4.5,10
-1,1,3,18779,0,8,http://sanyaweb.com,0,0,8,1,sanyaweb.com,19,2,0,0,,5.0,5.5,12
-1,1,4,-1,0,5,http://mundo-ocio.es,0,0,5,1,mundo-ocio.es,20,3,0,0,,3.75,3.6666666666666665,13
-1,1,3,46606,0,5,http://putin.ru,0,0,5,1,putin.ru,15,2,0,0,,3.6666666666666665,3.5,8
-1,1,3,47846,0,4,http://xurl.jp,0,0,4,1,xurl.jp,14,2,0,0,,3.3333333333333335,3.0,7
-1,1,3,-1,0,11,http://cloakedlink.com,0,0,11,1,cloakedlink.com,22,2,0,0,,6.0,7.0,15
-1,1,3,-1,0,12,http://millesabords.net,0,0,12,1,millesabords.net,23,2,0,0,,6.333333333333333,7.5,16
-1,1,3,16265,0,8,http://tharmada.net,0,0,8,1,tharmada.net,19,2,0,0,,5.0,5.5,12
-1,1,3,12876,0,9,http://mihaisora.eu,0,0,9,1,mihaisora.eu,19,2,0,0,,5.0,5.5,12
-1,1,4,-1,0,7,http://quran.waraqat.net,0,0,7,2,quran.waraqat.net,24,3,0,0,,4.75,5.0,17
-1,1,3,45753,0,5,http://rs2pl.com,0,0,5,1,rs2pl.com,16,2,0,0,,4.0,4.0,9
-1,1,5,-1,0,12,http://nelioguerson.palcomp3.com.br,0,0,12,3,nelioguerson.palcomp3.com.br,35,4,0,0,,5.8,6.25,28
-1,1,4,33739,9,9,http://myspace.com/fantomenk,0,0,7,1,myspace.com,28,2,9.0,1,/fantomenk,5.75,5.0,11
-1,1,8,-1,12,12,http://vente-privee.com/vp4/Registration/Registration.aspx?,0,0,6,2,vente-privee.com,59,3,7.75,4,/vp4/Registration/Registration.aspx,6.125,4.666666666666667,16
-1,1,4,15169,0,9,http://mistureca.blogspot.com,0,0,9,2,mistureca.blogspot.com,29,3,0,0,,6.0,6.666666666666667,22
-1,1,3,-1,0,10,http://givemeknol.com,0,0,10,1,givemeknol.com,21,2,0,0,,5.666666666666667,6.5,14
-1,1,3,-1,0,10,http://maxreading.com,0,0,10,1,maxreading.com,21,2,0,0,,5.666666666666667,6.5,14
-1,1,8,-1,0,8,http://trucchi-e-consigli-msn.spaces.live.com,0,0,8,3,trucchi-e-consigli-msn.spaces.live.com,45,7,0,0,,4.5,4.571428571428571,38
-1,1,3,-1,0,15,http://speechcorrector.org,0,0,15,1,speechcorrector.org,26,2,0,0,,7.333333333333333,9.0,19
-1,1,4,15169,0,8,http://mcdo3333.blogspot.com,0,0,8,2,mcdo3333.blogspot.com,28,3,0,0,,5.75,6.333333333333333,21
-1,1,3,29737,0,7,http://litlurl.net,0,0,7,1,litlurl.net,18,2,0,0,,4.666666666666667,5.0,11
-1,1,3,43391,0,6,http://bozkir.com,0,0,6,1,bozkir.com,17,2,0,0,,4.333333333333333,4.5,10
-1,1,3,46475,0,10,http://1classical.com,0,0,10,1,1classical.com,21,2,0,0,,5.666666666666667,6.5,14
-1,1,3,-1,0,5,http://comoj.com,0,0,5,1,comoj.com,16,2,0,0,,4.0,4.0,9
-1,1,3,-1,0,10,http://psychology.tk,0,0,10,1,psychology.tk,20,2,0,0,,5.333333333333333,6.0,13
-1,1,3,-1,0,5,http://payel.tk,0,0,5,1,payel.tk,15,2,0,0,,3.6666666666666665,3.5,8
-1,1,4,15169,0,8,http://azpayel.blogspot.com,0,0,8,2,azpayel.blogspot.com,27,3,0,0,,5.5,6.0,20
-1,1,3,12876,0,10,http://plagecorse.com,0,0,10,1,plagecorse.com,21,2,0,0,,5.666666666666667,6.5,14
-1,1,4,-1,0,9,http://gamewatch.com.es,0,0,9,2,gamewatch.com.es,23,3,0,0,,4.5,4.666666666666667,16
-1,1,3,7162,0,5,http://migre.me,0,0,5,1,migre.me,15,2,0,0,,3.6666666666666665,3.5,8
-1,1,3,31034,0,7,http://cabinas.net,0,0,7,1,cabinas.net,18,2,0,0,,4.666666666666667,5.0,11
-1,1,3,-1,0,9,http://seekinusa.com,0,0,9,1,seekinusa.com,20,2,0,0,,5.333333333333333,6.0,13
-1,1,3,-1,0,11,http://elargentino.net,0,0,11,1,elargentino.net,22,2,0,0,,6.0,7.0,15
-1,1,4,-1,0,8,http://komik-fikralar.net,0,0,8,1,komik-fikralar.net,25,3,0,0,,5.0,5.333333333333333,18
-1,1,4,31034,0,5,http://the-locos.com,0,0,5,1,the-locos.com,20,3,0,0,,3.75,3.6666666666666665,13
-1,1,3,33475,0,13,http://satelliteview.org,0,0,13,1,satelliteview.org,24,2,0,0,,6.666666666666667,8.0,17
-1,1,5,40034,0,6,http://secure-x-001.net,1,0,6,1,secure-x-001.net,23,4,0,0,,3.4,3.25,16
-1,1,3,39572,0,7,http://pornoxo.com,0,0,7,1,pornoxo.com,18,2,0,0,,4.666666666666667,5.0,11
-1,1,3,-1,0,7,http://ladonia.net,0,0,7,1,ladonia.net,18,2,0,0,,4.666666666666667,5.0,11
-1,1,3,31034,0,9,http://cyborg009.it,0,0,9,1,cyborg009.it,19,2,0,0,,5.0,5.5,12
-1,1,3,-1,0,4,http://abbr.com,0,0,4,1,abbr.com,15,2,0,0,,3.6666666666666665,3.5,8
-1,1,3,14618,0,4,http://abe5.com,0,0,4,1,abe5.com,15,2,0,0,,3.6666666666666665,3.5,8
-1,1,4,-1,0,12,http://gospelhearts.synthasite.com,0,0,12,2,gospelhearts.synthasite.com,34,3,0,0,,7.25,8.333333333333334,27
-1,1,3,-1,0,5,http://busty.pl,0,0,5,1,busty.pl,15,2,0,0,,3.6666666666666665,3.5,8
-1,1,3,22612,0,6,http://moourl.com,0,0,6,1,moourl.com,17,2,0,0,,4.333333333333333,4.5,10
-1,1,3,-1,0,11,http://pepekanavis.org,0,0,11,1,pepekanavis.org,22,2,0,0,,6.0,7.0,15
-1,1,3,26496,0,7,http://serkann.com,0,0,7,1,serkann.com,18,2,0,0,,4.666666666666667,5.0,11
-1,1,3,22781,0,9,http://strongvpn.com,0,0,9,1,strongvpn.com,20,2,0,0,,5.333333333333333,6.0,13
-1,1,3,-1,0,10,http://gentefresa.com,0,0,10,1,gentefresa.com,21,2,0,0,,5.666666666666667,6.5,14
-1,1,3,-1,0,5,http://own3d.es,0,0,5,1,own3d.es,15,2,0,0,,3.6666666666666665,3.5,8
-1,1,3,13768,0,8,http://masfresa.com,0,0,8,1,masfresa.com,19,2,0,0,,5.0,5.5,12
-1,1,3,-1,0,7,http://recaero.fr,0,0,7,1,recaero.fr,17,2,0,0,,4.333333333333333,4.5,10
-1,1,3,26496,0,5,http://yfrog.com,0,0,5,1,yfrog.com,16,2,0,0,,4.0,4.0,9
-1,1,4,-1,0,10,http://aforismi.awardspace.com,0,0,10,2,aforismi.awardspace.com,30,3,0,0,,6.25,7.0,23
-1,1,3,-1,0,9,http://tebesirim.com,0,0,9,1,tebesirim.com,20,2,0,0,,5.333333333333333,6.0,13
-1,1,3,50474,0,8,http://vinyland.com,0,0,8,1,vinyland.com,19,2,0,0,,5.0,5.5,12
-1,1,3,9371,0,12,http://ciquestudios.com,0,0,12,1,ciquestudios.com,23,2,0,0,,6.333333333333333,7.5,16
-1,1,3,-1,0,12,http://pageditorpro.com,0,0,12,1,pageditorpro.com,23,2,0,0,,6.333333333333333,7.5,16
-1,1,4,-1,0,7,http://siremfc.marlito.com,0,0,7,2,siremfc.marlito.com,26,3,0,0,,5.25,5.666666666666667,19
-1,1,4,-1,0,9,http://kaspersky-key.net,0,0,9,1,kaspersky-key.net,24,3,0,0,,4.75,5.0,17
-1,1,3,19324,0,6,http://spikey.com,0,0,6,1,spikey.com,17,2,0,0,,4.333333333333333,4.5,10
-1,1,3,26496,0,15,http://learningrussian.net,0,0,15,1,learningrussian.net,26,2,0,0,,7.333333333333333,9.0,19
-1,1,4,8426,0,10,http://europeopen.org.uk,0,0,10,2,europeopen.org.uk,24,3,0,0,,4.75,5.0,17
-1,1,5,-1,0,8,http://graffiti.cs.brown.edu,0,0,8,3,graffiti.cs.brown.edu,28,4,0,0,,4.4,4.5,21
-1,1,4,15169,0,8,http://aekition.blogspot.com,0,0,8,2,aekition.blogspot.com,28,3,0,0,,5.75,6.333333333333333,21
-1,1,3,8342,0,8,http://mmafight.ru,0,0,8,1,mmafight.ru,18,2,0,0,,4.666666666666667,5.0,11
-1,1,3,-1,0,13,http://realestatesky.net,0,0,13,1,realestatesky.net,24,2,0,0,,6.666666666666667,8.0,17
-1,1,4,28907,0,8,http://orchidea.com.ua,0,0,8,2,orchidea.com.ua,22,3,0,0,,4.25,4.333333333333333,15
-1,1,3,-1,0,13,http://catalanschool.com,0,0,13,1,catalanschool.com,24,2,0,0,,6.666666666666667,8.0,17
-1,1,3,26496,0,10,http://webweevers.com,0,0,10,1,webweevers.com,21,2,0,0,,5.666666666666667,6.5,14
-1,1,3,20718,0,6,http://urlmin.com,0,0,6,1,urlmin.com,17,2,0,0,,4.333333333333333,4.5,10
-1,1,3,237,0,4,http://invx.com,0,0,4,1,invx.com,15,2,0,0,,3.6666666666666665,3.5,8
-1,1,4,-1,0,6,http://moya-shkola.info,0,0,6,1,moya-shkola.info,23,3,0,0,,4.5,4.666666666666667,16
-1,1,3,36351,0,10,http://jimmywales.org,0,0,10,1,jimmywales.org,21,2,0,0,,5.666666666666667,6.5,14
-1,1,3,2635,0,10,http://jimmywales.com,0,0,10,1,jimmywales.com,21,2,0,0,,5.666666666666667,6.5,14
-1,1,3,36351,0,10,http://bindiirwin.com,0,0,10,1,bindiirwin.com,21,2,0,0,,5.666666666666667,6.5,14
-1,1,3,-1,0,23,http://nataliebassingthwaighte.net,0,0,23,1,nataliebassingthwaighte.net,34,2,0,0,,10.0,13.0,27
-1,1,3,-1,0,12,http://vickydarling.com,0,0,12,1,vickydarling.com,23,2,0,0,,6.333333333333333,7.5,16
-1,1,3,7753,0,7,http://hugeurl.com,0,0,7,1,hugeurl.com,18,2,0,0,,4.666666666666667,5.0,11
-1,1,3,237,0,15,http://freakinghugeurl.com,0,0,15,1,freakinghugeurl.com,26,2,0,0,,7.333333333333333,9.0,19
-1,1,3,-1,0,9,http://tangodans.com,0,0,9,1,tangodans.com,20,2,0,0,,5.333333333333333,6.0,13
-1,1,4,-1,0,7,http://(?<!www.)mybrute.com,0,0,0,2,(,27,0,0,0,,4.25,0,1
-1,1,4,16276,0,12,http://mybrutehacks.forumotion.com,0,0,12,2,mybrutehacks.forumotion.com,34,3,0,0,,7.25,8.333333333333334,27
-1,1,3,-1,0,4,http://pfx.me,0,0,3,1,pfx.me,13,2,0,0,,3.0,2.5,6
-1,1,4,-1,0,8,http://casareal.co.pt,0,0,8,2,casareal.co.pt,21,3,0,0,,4.0,4.0,14
-1,1,2,-1,0,16,http://partypillsonline,0,0,16,0,partypillsonline,23,1,0,0,,10.0,16.0,16
-1,1,3,-1,0,18,http://liveresumeexamples.com,0,0,18,1,liveresumeexamples.com,29,2,0,0,,8.333333333333334,10.5,22
-1,1,5,-1,0,9,http://best-cv-templates.com,0,0,9,1,best-cv-templates.com,28,4,0,0,,4.4,4.5,21
-1,1,3,-1,0,12,http://perfectgirls.net,0,0,12,1,perfectgirls.net,23,2,0,0,,6.333333333333333,7.5,16
-1,1,3,-1,0,5,http://4tube.com,0,0,5,1,4tube.com,16,2,0,0,,4.0,4.0,9
-1,1,3,14618,0,13,http://visalusshakes.com,0,0,13,1,visalusshakes.com,24,2,0,0,,6.666666666666667,8.0,17
-1,1,3,-1,0,16,http://101juegosdeautos.com,0,0,16,1,101juegosdeautos.com,27,2,0,0,,7.666666666666667,9.5,20
-1,1,2,-1,0,15,http://monclerjacketsd,0,0,15,0,monclerjacketsd,22,1,0,0,,9.5,15.0,15
-1,1,5,278,0,9,http://sistemas.fciencias.unam.mx,0,0,9,3,sistemas.fciencias.unam.mx,33,4,0,0,,5.4,5.75,26
-1,1,4,15169,0,17,http://cpesamplewritings.blogspot.com,0,0,17,2,cpesamplewritings.blogspot.com,37,3,0,0,,8.0,9.333333333333334,30
-1,1,3,-1,0,4,http://e621.net,0,0,4,1,e621.net,15,2,0,0,,3.6666666666666665,3.5,8
-1,1,3,40034,0,11,http://ezadblaster.com,0,0,11,1,ezadblaster.com,22,2,0,0,,6.0,7.0,15
-1,1,2,-1,0,16,http://freeonlinedating,0,0,16,0,freeonlinedating,23,1,0,0,,10.0,16.0,16
-1,1,2,-1,0,9,http://medrxshop,0,0,9,0,medrxshop,16,1,0,0,,6.5,9.0,9
-1,1,4,-1,0,6,http://buy.?adipex.?online,0,0,3,2,buy.,26,1,0,0,,4.75,3.0,4
-1,1,3,-1,0,11,http://videodeteen.eu,0,0,11,1,videodeteen.eu,21,2,0,0,,5.666666666666667,6.5,14
-1,1,4,-1,0,5,http://shark.net.pl,0,0,5,2,shark.net.pl,19,3,0,0,,3.5,3.3333333333333335,12
-1,1,3,14618,0,13,http://powerfulhacks.com,0,0,13,1,powerfulhacks.com,24,2,0,0,,6.666666666666667,8.0,17
-1,1,3,29873,0,12,http://sloganexpert.com,0,0,12,1,sloganexpert.com,23,2,0,0,,6.333333333333333,7.5,16
-1,1,3,-1,0,4,http://2u.lc,0,0,2,1,2u.lc,12,2,0,0,,2.6666666666666665,2.0,5
-1,1,3,-1,0,4,http://owl.li,0,0,3,1,owl.li,13,2,0,0,,3.0,2.5,6
-1,1,3,-1,0,7,http://shorten.me,0,0,7,1,shorten.me,17,2,0,0,,4.333333333333333,4.5,10
-1,1,3,-1,0,13,http://yourshortlink.net,0,0,13,1,yourshortlink.net,24,2,0,0,,6.666666666666667,8.0,17
-1,1,2,-1,0,10,http://penilegain,0,0,10,0,penilegain,17,1,0,0,,7.0,10.0,10
-1,1,3,-1,0,11,http://cheatyworld.com,0,0,11,1,cheatyworld.com,22,2,0,0,,6.0,7.0,15
-1,1,3,-1,0,4,http://uu.gl,0,0,2,1,uu.gl,12,2,0,0,,2.6666666666666665,2.0,5
-1,1,3,16276,0,8,http://neoplano.com,0,0,8,1,neoplano.com,19,2,0,0,,5.0,5.5,12
-1,1,3,19871,0,8,http://tancredi.com,0,0,8,1,tancredi.com,19,2,0,0,,5.0,5.5,12
-1,1,3,-1,0,8,http://getxanax.com,0,0,8,1,getxanax.com,19,2,0,0,,5.0,5.5,12
-1,1,4,-1,0,9,http://www-mp3player.com,0,0,9,1,www-mp3player.com,24,3,0,0,,4.75,5.0,17
-1,1,3,-1,0,12,http://nikesfactory.com,0,0,12,1,nikesfactory.com,23,2,0,0,,6.333333333333333,7.5,16
-1,1,3,-1,0,17,http://actionseoservices.com,0,0,17,1,actionseoservices.com,28,2,0,0,,8.0,10.0,21
-1,1,3,26496,0,14,http://getwebvisitors.com,0,0,14,1,getwebvisitors.com,25,2,0,0,,7.0,8.5,18
-1,1,3,-1,0,18,http://getloanslendersusa.org,0,0,18,1,getloanslendersusa.org,29,2,0,0,,8.333333333333334,10.5,22
-1,1,3,-1,0,14,http://doghematerassi.it,0,0,14,1,doghematerassi.it,24,2,0,0,,6.666666666666667,8.0,17
-1,1,3,237,0,11,http://icigarettes.com,0,0,11,1,icigarettes.com,22,2,0,0,,6.0,7.0,15
-1,1,3,26496,0,19,http://buycheappillsonline.com,0,0,19,1,buycheappillsonline.com,30,2,0,0,,8.666666666666666,11.0,23
-1,1,3,237,0,12,http://rapidfatloss.com,0,0,12,1,rapidfatloss.com,23,2,0,0,,6.333333333333333,7.5,16
-1,1,3,-1,0,12,http://ladamejeanne.fr,0,0,12,1,ladamejeanne.fr,22,2,0,0,,6.0,7.0,15
-1,1,2,-1,0,15,http://bestseoservices,0,0,15,0,bestseoservices,22,1,0,0,,9.5,15.0,15
-1,1,3,24940,0,9,http://avantpack.ru,0,0,9,1,avantpack.ru,19,2,0,0,,5.0,5.5,12
-1,1,4,-1,0,6,http://plus.lapvo3.tk,0,0,6,2,plus.lapvo3.tk,21,3,0,0,,4.0,4.0,14
-1,1,3,-1,0,10,http://politician.to,0,0,10,1,politician.to,20,2,0,0,,5.333333333333333,6.0,13
-1,1,7,15169,5,7,http://youtube.com/watch?v=oVBOnv-xrEY,0,0,7,1,youtube.com,38,2,5.0,1,/watch,4.285714285714286,5.0,11
-1,1,3,-1,0,17,http://shopforpainrelief.com,0,0,17,1,shopforpainrelief.com,28,2,0,0,,8.0,10.0,21
-1,1,3,3,0,15,http://printforprofits.com,0,0,15,1,printforprofits.com,26,2,0,0,,7.333333333333333,9.0,19
-1,1,3,-1,0,10,http://sexndfunny.biz,0,0,10,1,sexndfunny.biz,21,2,0,0,,5.666666666666667,6.5,14
-1,1,3,-1,0,12,http://ladamejeanne.fr,0,0,12,1,ladamejeanne.fr,22,2,0,0,,6.0,7.0,15
-1,1,3,-1,0,19,http://lcdscreenforlaptops.com,0,0,19,1,lcdscreenforlaptops.com,30,2,0,0,,8.666666666666666,11.0,23
-1,1,5,-1,0,7,http://website-Ranking-Checker.com,0,0,7,1,website-Ranking-Checker.com,34,4,0,0,,5.6,6.0,27
-1,1,3,2118,0,18,http://magiclondonescorts.com,0,0,18,1,magiclondonescorts.com,29,2,0,0,,8.333333333333334,10.5,22
-1,1,3,-1,0,17,http://brunetteescorts4u.com,0,0,17,1,brunetteescorts4u.com,28,2,0,0,,8.0,10.0,21
-1,1,3,8560,0,12,http://achimthepooh.de,0,0,12,1,achimthepooh.de,22,2,0,0,,6.0,7.0,15
-1,1,4,-1,0,10,http://memopadhd7.gweb.io,0,0,10,2,memopadhd7.gweb.io,25,3,0,0,,5.0,5.333333333333333,18
-1,1,3,-1,0,4,http://hxiv.me,0,0,4,1,hxiv.me,14,2,0,0,,3.3333333333333335,3.0,7
-1,1,3,-1,0,5,http://mgjmp.com,0,0,5,1,mgjmp.com,16,2,0,0,,4.0,4.0,9
-1,1,3,8515,0,9,http://orelsetka.ru,0,0,9,1,orelsetka.ru,19,2,0,0,,5.0,5.5,12
-1,1,4,41528,0,6,http://prespa-birlik.se,0,0,6,1,prespa-birlik.se,23,3,0,0,,4.5,4.666666666666667,16
-1,1,3,46636,0,16,http://recoverymechanic.com,0,0,16,1,recoverymechanic.com,27,2,0,0,,7.666666666666667,9.5,20
-1,1,3,-1,0,5,http://segue.se,0,0,5,1,segue.se,15,2,0,0,,3.6666666666666665,3.5,8
-1,1,3,32244,0,15,http://dietplanstolose.com,0,0,15,1,dietplanstolose.com,26,2,0,0,,7.333333333333333,9.0,19
-1,1,2,-1,0,21,http://weightwatcherscoupons,0,0,21,0,weightwatcherscoupons,28,1,0,0,,12.5,21.0,21
-1,1,3,-1,0,26,http://mortgagewoodbridgevirginia.com,0,0,26,1,mortgagewoodbridgevirginia.com,37,2,0,0,,11.0,14.5,30
